[
  {
    "dockerImage": "nivitzhaky/chatbot:001",
    "appName": "chat2",
    "portMap": "8081",
    "username": "niv.itzhaky@gmail.com"
  },
  {
    "dockerImage": "avilinko/receipt-scanner:002",
    "appName": "nivv2",
    "portMap": "8080",
    "username": "niv.itzhaky@gmail.com"
  },
  {
    "dockerImage": "noam597/mytodos:todo",
    "appName": "niv-todo",
    "portMap": "3000",
    "username": "niv.itzhaky@gmail.com"
  },
  {
    "dockerImage": "yoni99/hometest-app:001",
    "appName": "bbb",
    "portMap": "8080",
    "username": "niv.itzhaky@gmail.com"
  },
  {
    "dockerImage": "nivitzhaky/chatbot:001",
    "appName": "chat",
    "portMap": "8081",
    "username": "nathan.projects97@gmail.com"
  },
  {
    "dockerImage": "bivas26/eureka-server",
    "appName": "Eureka-server",
    "portMap": "8761",
    "username": "BivasArad@gmail.com"
  },
  {
    "dockerImage": "bivas26/telegrambotservice",
    "appName": "telegram-bot",
    "portMap": "8087",
    "username": "BivasArad@gmail.com"
  },
  {
    "dockerImage": "ronnakash/notesappserver:notesapp",
    "appName": "NotesAppDocker",
    "portMap": "5000",
    "username": "ronnakash@gmail.com"
  },
  {
    "dockerImage": "elhanani/backend",
    "appName": "ModernBackend",
    "portMap": "9090",
    "username": "elhanani156@gmail.com"
  },
  {
    "dockerImage": "elhanani/backend:001",
    "appName": "Modern_Backend",
    "portMap": "9090",
    "username": "elhanani156@gmail.com"
  },
  {
    "dockerImage": "lidormalich/scraping-chatbot:newsScaper-003",
    "appName": "chatbot3",
    "portMap": "8080",
    "username": "lidormalich@gmail.com"
  },
  {
    "dockerImage": "brachalink/basic-spring:bl-001",
    "appName": "brachalink",
    "portMap": "8080",
    "username": "brachi1770@gmail.com"
  },
  {
    "dockerImage": "brachalink/tinyurl:1002",
    "appName": "tiny",
    "portMap": "8080",
    "username": "brachi1770@gmail.com"
  },
  {
    "dockerImage": "brachalink/chatbot:1001",
    "appName": "chatbot",
    "portMap": "8080",
    "username": "brachi1770@gmail.com"
  },
  {
    "dockerImage": "eduard08/basic-spring:eduard-001",
    "appName": "eduard-spring",
    "portMap": "8080",
    "username": "Eduard08@walla.com"
  },
  {
    "dockerImage": "gavri2000/parser:001",
    "appName": "myfxbook-parser",
    "portMap": "8080",
    "username": "gavri2000@gmail.com"
  },
  {
    "dockerImage": "gavri2000/chatbot:eran-001",
    "appName": "eran-chatbot",
    "portMap": "8080",
    "username": "gavri2000@gmail.com"
  },
  {
    "dockerImage": "gavri2000/tinyurl:eran-001",
    "appName": "tinyurl",
    "portMap": "8080",
    "username": "gavri2000@gmail.com"
  },
  {
    "dockerImage": "gavri2000/basic-spring:eran-001",
    "appName": "basic-spring",
    "portMap": "8080",
    "username": "gavri2000@gmail.com"
  },
  {
    "dockerImage": "gavri2000/searchengine:001",
    "appName": "searchengine",
    "portMap": "8080",
    "username": "gavri2000@gmail.com"
  },
  {
    "dockerImage": "saracohen1/basic-spring:002",
    "appName": "sara-basicspring",
    "portMap": "8080",
    "username": "sara149635@gmail.com"
  },
  {
    "dockerImage": "eduard08/chat-bot:001",
    "appName": "eduard-chatbot",
    "portMap": "8080",
    "username": "eduard1.loktev@gmail.com"
  },
  {
    "dockerImage": "kabhamo/basic-spring-v2:v-001",
    "appName": "basic-spring-v2",
    "portMap": "8080",
    "username": "mkabha54@gmail.com"
  },
  {
    "dockerImage": "kabhamo/search-engine:v-002",
    "appName": "MohamedSearchEngineV2",
    "portMap": "8080",
    "username": "mkabha54@gmail.com"
  },
  {
    "dockerImage": "larrykoontz/text-trivia:003",
    "appName": "text-trivia",
    "portMap": "8080",
    "username": "koontzevich.larry@gmail.com"
  },
  {
    "dockerImage": "ayubix/tinyurl:raz-001",
    "appName": "raz-tinyurl",
    "portMap": "8080",
    "username": "razay13@gmail.com"
  },
  {
    "dockerImage": "shohamd1121/tiny-url:1.0.4",
    "appName": "shohamd-tinyurl",
    "portMap": "8080",
    "username": "shohamdouek@gmail.com"
  },
  {
    "dockerImage": "confluentinc/cp-zookeeper:latest",
    "appName": "triel",
    "portMap": "8080",
    "username": "calanit.cha@gmail.com"
  },
  {
    "dockerImage": "calanitmadar/test",
    "appName": "test",
    "portMap": "8080",
    "username": "calanit.cha@gmail.com"
  },
  {
    "dockerImage": "calanitmadar/test",
    "appName": "test1",
    "portMap": "8080",
    "username": "calanit.cha@gmail.com"
  },
  {
    "dockerImage": "nivitzhaky/chatbot:001",
    "appName": "calanittest",
    "portMap": "8081",
    "username": "global@gmail.com"
  },
  {
    "dockerImage": "nivitzhaky/chatbot:001",
    "appName": "calanittest1",
    "portMap": "8081",
    "username": "global@gmail.com"
  },
  {
    "dockerImage": "nivitzhaky/chatbot:001",
    "appName": "calanittest2",
    "portMap": "8081",
    "username": "global@gmail.com"
  },
  {
    "dockerImage": "calanitmadar/calanittest",
    "appName": "calanittest3",
    "portMap": "8080",
    "username": "global@gmail.com"
  },
  {
    "dockerImage": "calanitmadar/calanittest:001",
    "appName": "calanittest4",
    "portMap": "8080",
    "username": "global@gmail.com"
  },
  {
    "dockerImage": "calanitmadar/runmydocker-back",
    "appName": "runmydocker-back",
    "portMap": "8080",
    "username": "global@gmail.com"
  },
  {
    "dockerImage": "calanitmadar/test0",
    "appName": "test0",
    "portMap": "8080",
    "username": "global@gmail.com"
  },
  {
    "dockerImage": "calanitmadar/test2",
    "appName": "test2",
    "portMap": "8080",
    "username": "global@gmail.com"
  },
  {
    "dockerImage": "calanitmadar/test2",
    "appName": "testt",
    "portMap": "8080",
    "username": "global@gmail.com"
  },
  {
    "dockerImage": "calanitmadar/java-docker",
    "appName": "java-docker",
    "portMap": "8080",
    "username": "global@gmail.com"
  },
  {
    "dockerImage": "calanitmadar/test2",
    "appName": "test2123",
    "portMap": "8080",
    "username": "global@gmail.com"
  },
  {
    "dockerImage": "calanitmadar/test2",
    "appName": "test21234",
    "portMap": "8080",
    "username": "global@gmail.com"
  },
  {
    "dockerImage": "calanitmadar/test2:132208",
    "appName": "test212345678",
    "portMap": "8080",
    "username": "global@gmail.com"
  },
  {
    "dockerImage": "calanitmadar/test2:132208",
    "appName": "test201",
    "portMap": "8080",
    "username": "global@gmail.com"
  },
  {
    "dockerImage": "calanitmadar/test2:132208",
    "appName": "test202",
    "portMap": "8080",
    "username": "global@gmail.com"
  },
  {
    "dockerImage": "calanitmadar/test2:132208",
    "appName": "test203",
    "portMap": "8080",
    "username": "global@gmail.com"
  },
  {
    "dockerImage": "calanitmadar/test2:622343",
    "appName": "test204",
    "portMap": "8080",
    "username": "global@gmail.com"
  },
  {
    "dockerImage": "calanitmadar/test2:456520",
    "appName": "test206",
    "portMap": "8080",
    "username": "global@gmail.com"
  },
  {
    "dockerImage": "calanitmadar/test2",
    "appName": "1234",
    "portMap": "8080",
    "username": "global@gmail.com"
  },
  {
    "dockerImage": "calanitmadar/test2:386054",
    "appName": "test283781",
    "portMap": "8080",
    "username": "global@gmail.com"
  },
  {
    "dockerImage": "calanitmadar/test2:279455",
    "appName": "test286251",
    "portMap": "8080",
    "username": "global@gmail.com"
  },
  {
    "dockerImage": "calanitmadar/test2:64501",
    "appName": "test279090",
    "portMap": "8080",
    "username": "global@gmail.com"
  },
  {
    "dockerImage": "calanitmadar/test2:730696",
    "appName": "test220246",
    "portMap": "8080",
    "username": "global@gmail.com"
  },
  {
    "dockerImage": "calanitmadar/test2:221732",
    "appName": "test265241",
    "portMap": "8080",
    "username": "global@gmail.com"
  },
  {
    "dockerImage": "calanitmadar/test2:447829",
    "appName": "test272027",
    "portMap": "8080",
    "username": "global@gmail.com"
  },
  {
    "dockerImage": "calanitmadar/test2:950387",
    "appName": "test278210",
    "portMap": "8080",
    "username": "global@gmail.com"
  },
  {
    "dockerImage": "calanitmadar/test2:252206",
    "appName": "test250081",
    "portMap": "8080",
    "username": "global@gmail.com"
  },
  {
    "dockerImage": "calanitmadar/test2:685019",
    "appName": "test28548",
    "portMap": "8080",
    "username": "global@gmail.com"
  },
  {
    "dockerImage": "calanitmadar/test2:203029",
    "appName": "test228274",
    "portMap": "8080",
    "username": "global@gmail.com"
  },
  {
    "dockerImage": "calanitmadar/test2:636234",
    "appName": "test260019",
    "portMap": "8080",
    "username": "global@gmail.com"
  },
  {
    "dockerImage": "calanitmadar/demo:415741",
    "appName": "demo58344",
    "portMap": "8080",
    "username": "global@gmail.com"
  },
  {
    "dockerImage": "calanitmadar/demo:238889",
    "appName": "demo16162",
    "portMap": "8080",
    "username": "global@gmail.com"
  },
  {
    "dockerImage": "calanitmadar/demo:997604",
    "appName": "demo17294",
    "portMap": "8080",
    "username": "global@gmail.com"
  },
  {
    "dockerImage": "calanitmadar/demo:666848",
    "appName": "demo3868",
    "portMap": "8080",
    "username": "global@gmail.com"
  },
  {
    "dockerImage": "calanitmadar/demo:802424",
    "appName": "demo38484",
    "portMap": "8080",
    "username": "global@gmail.com"
  },
  {
    "dockerImage": "calanitmadar/demo:460687",
    "appName": "demo68033",
    "portMap": "8080",
    "username": "global@gmail.com"
  },
  {
    "dockerImage": "calanitmadar/demo:507730",
    "appName": "demo953",
    "portMap": "8080",
    "username": "global@gmail.com"
  },
  {
    "dockerImage": "calanitmadar/demo:221785",
    "appName": "demo95032",
    "portMap": "8080",
    "username": "global@gmail.com"
  },
  {
    "dockerImage": "calanitmadar/demo:559977",
    "appName": "demo75049",
    "portMap": "8080",
    "username": "global@gmail.com"
  },
  {
    "dockerImage": "calanitmadar/demo:202031",
    "appName": "demo54454",
    "portMap": "8080",
    "username": "global@gmail.com"
  },
  {
    "dockerImage": "calanitmadar/demo:891356",
    "appName": "demo87917",
    "portMap": "8080",
    "username": "global@gmail.com"
  },
  {
    "dockerImage": "calanitmadar/demo:487622",
    "appName": "demo6104",
    "portMap": "8080",
    "username": "global@gmail.com"
  },
  {
    "dockerImage": "calanitmadar/demo:695657",
    "appName": "demo70726",
    "portMap": "8080",
    "username": "global@gmail.com"
  },
  {
    "dockerImage": "calanitmadar/demo:484577",
    "appName": "demo26291",
    "portMap": "8080",
    "username": "global@gmail.com"
  },
  {
    "dockerImage": "calanitmadar/demo:130339",
    "appName": "demo76628",
    "portMap": "8080",
    "username": "global@gmail.com"
  },
  {
    "dockerImage": "calanitmadar/demo:359302",
    "appName": "demo86768",
    "portMap": "8080",
    "username": "global@gmail.com"
  },
  {
    "dockerImage": "calanitmadar/demo:684730",
    "appName": "demo62166",
    "portMap": "8080",
    "username": "global@gmail.com"
  },
  {
    "dockerImage": "calanitmadar/demo:220933",
    "appName": "demo92610",
    "portMap": "8080",
    "username": "global@gmail.com"
  },
  {
    "dockerImage": "calanitmadar/demo:796012",
    "appName": "demo34020",
    "portMap": "8080",
    "username": "global@gmail.com"
  },
  {
    "dockerImage": "calanitmadar/demo:327597",
    "appName": "demo80338",
    "portMap": "8080",
    "username": "global@gmail.com"
  },
  {
    "dockerImage": "calanitmadar/demo:322829",
    "appName": "demo98955",
    "portMap": "8080",
    "username": "global@gmail.com"
  },
  {
    "dockerImage": "calanitmadar/demo:475854",
    "appName": "demo55944",
    "portMap": "8080",
    "username": "global@gmail.com"
  },
  {
    "dockerImage": "calanitmadar/demo:809182",
    "appName": "demo92015",
    "portMap": "8080",
    "username": "global@gmail.com"
  },
  {
    "dockerImage": "calanitmadar/demo:844882",
    "appName": "demo47370",
    "portMap": "8080",
    "username": "global@gmail.com"
  },
  {
    "dockerImage": "calanitmadar/demo:470863",
    "appName": "demo74667",
    "portMap": "8080",
    "username": "global@gmail.com"
  },
  {
    "dockerImage": "calanitmadar/demo:287553",
    "appName": "demo95395",
    "portMap": "8080",
    "username": "global@gmail.com"
  },
  {
    "dockerImage": "edenrubinez/chatbot:002",
    "appName": "edenr-chatbot",
    "portMap": "8080",
    "username": "edenrubinez@gmail.com"
  },
  {
    "dockerImage": "tomerasulin/cart-crafter:v2",
    "appName": "cartcrafter2",
    "portMap": "8080",
    "username": "tomermailg@gmail.com"
  },
  {
    "dockerImage": "noamhandelman/chatbot",
    "appName": "noam-chatbot",
    "portMap": "8080",
    "username": "n.handelman6@gmail.com"
  },
  {
    "dockerImage": "noamhandelman/pl-racism-analysis",
    "appName": "pl-racism",
    "portMap": "3000",
    "username": "n.handelman6@gmail.com"
  },
  {
    "dockerImage": "noaa13092/tinyurl:001",
    "appName": "noaa-tinyurl",
    "portMap": "8080",
    "username": "noaamaman325158@gmail.com"
  },
  {
    "dockerImage": "noaa13092/python_backend_ai_private_assistant",
    "appName": "testprivateassistant",
    "portMap": "8080",
    "username": "noaamaman325158@gmail.com"
  },
  {
    "dockerImage": "barakoyb/chatbot:001",
    "appName": "barak-chatbot",
    "portMap": "8080",
    "username": "barakoyb@gmail.com"
  },
  {
    "dockerImage": "tatianabialik/chatbot:001",
    "appName": "tatiana-chatbot",
    "portMap": "8080",
    "username": "bialik.tat@gmail.com"
  },
  {
    "dockerImage": "yardentamir/yardent-chatbot:001",
    "appName": "yarden-chatbot",
    "portMap": "8080",
    "username": "yarden44441@gmail.com"
  },
  {
    "dockerImage": "yardentamir/basic-spring:1001",
    "appName": "yardent-basic-spring",
    "portMap": "8080",
    "username": "yarden44441@gmail.com"
  },
  {
    "dockerImage": "nitsnats/chatbot:001",
    "appName": "nitsnats-chatbot",
    "portMap": "8080",
    "username": "nitsnats155@gmail.com"
  },
  {
    "dockerImage": "nitsnats/tinyurl:003",
    "appName": "nitsnats-tinyurl",
    "portMap": "8080",
    "username": "nitsnats155@gmail.com"
  },
  {
    "dockerImage": "gallli/chatbot:001",
    "appName": "gali-chatbot",
    "portMap": "8080",
    "username": "gali.shipod.1955@gmail.com"
  },
  {
    "dockerImage": "gallli/sentiment:001",
    "appName": "gali-sentiment",
    "portMap": "8080",
    "username": "gali.shipod.1955@gmail.com"
  },
  {
    "dockerImage": "gallli/tinyurl:001",
    "appName": "gali-tinyurl",
    "portMap": "8080",
    "username": "gali.shipod.1955@gmail.com"
  },
  {
    "dockerImage": "gallli/searchengine:001",
    "appName": "gali-searchengine",
    "portMap": "8080",
    "username": "gali.shipod.1955@gmail.com"
  },
  {
    "dockerImage": "idokr/searchengine:001",
    "appName": "idok-searchengine",
    "portMap": "8080",
    "username": "idokrupik@gmail.com"
  },
  {
    "dockerImage": "idokr/tinyurl:001",
    "appName": "idok-tinyurl",
    "portMap": "8080",
    "username": "idokrupik@gmail.com"
  },
  {
    "dockerImage": "idokr/basic-spring:001",
    "appName": "idok-basicspring",
    "portMap": "8080",
    "username": "idokrupik@gmail.com"
  },
  {
    "dockerImage": "idokr/chatbotapp:001",
    "appName": "idok-chatbotapp",
    "portMap": "8080",
    "username": "idokrupik@gmail.com"
  },
  {
    "dockerImage": "nivitzhaky/chatbot:002",
    "appName": "dvirh-chatbot",
    "portMap": "8080",
    "username": "ddvir17@gmail.com"
  },
  {
    "dockerImage": "nivitzhaky/basic-spring:niv-1002",
    "appName": "dvirh-spring",
    "portMap": "8080",
    "username": "ddvir17@gmail.com"
  },
  {
    "dockerImage": "orenukistudy/cheaptrips:025",
    "appName": "cheap-trips",
    "portMap": "8080",
    "username": "orenukistudy@gmail.com"
  },
  {
    "dockerImage": "harel1112361/sentimentanalysis:001",
    "appName": "Harel-sentimentanalysis",
    "portMap": "8080",
    "username": "harel1112361@gmail.com"
  },
  {
    "dockerImage": "harel1112361/tinyurl:001",
    "appName": "Harel-tinyurl",
    "portMap": "8080",
    "username": "harel1112361@gmail.com"
  },
  {
    "dockerImage": "harel1112361/basicspring:001",
    "appName": "Harel-basicspring",
    "portMap": "8080",
    "username": "harel1112361@gmail.com"
  },
  {
    "dockerImage": "harel1112361/chatbot:022",
    "appName": "harely-chatbot",
    "portMap": "8080",
    "username": "harel1112361@gmail.com"
  },
  {
    "dockerImage": "harel1112361/tables_api:001",
    "appName": "talentplease-tablesapi",
    "portMap": "8080",
    "username": "harel1112361@gmail.com"
  },
  {
    "dockerImage": "harel1112361/tables_api:002",
    "appName": "talentplease-tablesapi1",
    "portMap": "8080",
    "username": "harel1112361@gmail.com"
  },
  {
    "dockerImage": "bubupooka/bprootbto1:nanopolard",
    "appName": "pokemonApi",
    "portMap": "8080",
    "username": "alfons.vids@gmail.com"
  },
  {
    "dockerImage": "nivitzhaky/chatbot:002",
    "appName": "niv-chatbot1234",
    "portMap": "8081",
    "username": "niv.teaching6@gmail.com"
  },
  {
    "dockerImage": "natanger97/natan-tinyurl:002",
    "appName": "jfjfj",
    "portMap": "8080",
    "username": "admin@gmail.com"
  },
  {
    "dockerImage": "natanger97/web-scraping-chatbot:001",
    "appName": "kffk",
    "portMap": "8080",
    "username": "admin@gmail.com"
  },
  {
    "dockerImage": "avilinko/receipt-scanner:001",
    "appName": "test-avi",
    "portMap": "8080",
    "username": "admin@gmail.com"
  },
  {
    "dockerImage": "gilshechter/mailing-service:002",
    "appName": "mailing-service",
    "portMap": "8080",
    "username": "gilshechter13@gmail.com"
  },
  {
    "dockerImage": "gilshechter/chatbot:001",
    "appName": "gil-chatbot",
    "portMap": "8080",
    "username": "gilshechter13@gmail.com"
  },
  {
    "dockerImage": "gilshechter/tinyurl:001",
    "appName": "gil-tinyurl",
    "portMap": "8080",
    "username": "gilshechter13@gmail.com"
  },
  {
    "dockerImage": "gilshechter/identifier:004",
    "appName": "identifier",
    "portMap": "8000",
    "username": "gilshechter13@gmail.com"
  },
  {
    "dockerImage": "gilshechter/pantrypal:021",
    "appName": "pantrypal",
    "portMap": "8080",
    "username": "gilshechter13@gmail.com"
  },
  {
    "dockerImage": "alpha110r/spring-project:alon-007.4",
    "appName": "alonr-student-management-spring",
    "portMap": "8080",
    "username": "alonr110@gmail.com"
  },
  {
    "dockerImage": "andrey2109/chatbot:001",
    "appName": "andreym-chatbot",
    "portMap": "8080",
    "username": "andr2109@gmail.com"
  },
  {
    "dockerImage": "andrey2109/tinyurl:001",
    "appName": "andreym-tinyurl",
    "portMap": "8080",
    "username": "andr2109@gmail.com"
  },
  {
    "dockerImage": "andrey2109/basicspring:001",
    "appName": "andreym-basicspring",
    "portMap": "8080",
    "username": "andr2109@gmail.com"
  },
  {
    "dockerImage": "andrey2109/sportsbot:003",
    "appName": "sportsappchatbot",
    "portMap": "8080",
    "username": "andr2109@gmail.com"
  },
  {
    "dockerImage": "michellei/basic-spring:001",
    "appName": "michelle-basicSpring",
    "portMap": "8080",
    "username": "bnmichelle@gmail.com"
  },
  {
    "dockerImage": "michellei/student-manage:001",
    "appName": "michelle-student-manage",
    "portMap": "8080",
    "username": "bnmichelle@gmail.com"
  },
  {
    "dockerImage": "michellei/students:002",
    "appName": "students",
    "portMap": "8080",
    "username": "bnmichelle@gmail.com"
  },
  {
    "dockerImage": "michellei/tiny:004",
    "appName": "michelle-tiny",
    "portMap": "8080",
    "username": "bnmichelle@gmail.com"
  },
  {
    "dockerImage": "michellei/apache-analytics:002",
    "appName": "apache-analytics",
    "portMap": "8080",
    "username": "bnmichelle@gmail.com"
  },
  {
    "dockerImage": "avilinko/securitymd:002",
    "appName": "avinatan",
    "portMap": "5000",
    "username": "natanger97@gmail.com"
  },
  {
    "dockerImage": "natanger97/test-app.v1.3",
    "appName": "test-app-natan",
    "portMap": "3000",
    "username": "natanger97@gmail.com"
  },
  {
    "dockerImage": "nivitzhaky/chatbot:001",
    "appName": "hhkjhh",
    "portMap": "8081",
    "username": "natanger97@gmail.com"
  },
  {
    "dockerImage": "natanger97/web-scraping-chatbot:001",
    "appName": "tedfkdsd",
    "portMap": "8080",
    "username": "natan.g@utopia.tech"
  },
  {
    "dockerImage": "danasror/backend:latest",
    "appName": "studentsManagement",
    "portMap": "8080",
    "username": "dana.sror123@gmail.com"
  },
  {
    "dockerImage": "nivitzhaky/chatbot:001",
    "appName": "nnn",
    "portMap": "8081",
    "username": "niv.itzhaky@toptal.com"
  },
  {
    "dockerImage": "node",
    "appName": "node.js",
    "portMap": "3000",
    "username": "sh770.h@gmail.com"
  },
  {
    "dockerImage": "213123213123213123/nginx-custom",
    "appName": "abc",
    "portMap": "8080",
    "username": "israelbrener@gmail.com"
  },
  {
    "dockerImage": "213123213123213123/welcome-to-docker:1.0.0",
    "appName": "welcome-with-ui",
    "portMap": "8089",
    "username": "israelbrener@gmail.com"
  },
  {
    "dockerImage": "elidorcohen/login:002",
    "appName": "elidor-logintask",
    "portMap": "5000",
    "username": "stam@gmail.com"
  },
  {
    "dockerImage": "nivitzhaky/chatbot:001",
    "appName": "nivniv",
    "portMap": "8081",
    "username": "admin@handson-academy.com"
  },
  {
    "dockerImage": "natanger97/web-scraping-chatbot:001",
    "appName": "test-scrapper11",
    "portMap": "8080",
    "username": "vicolicht4@gmail.com"
  },
  {
    "dockerImage": "node:latest",
    "appName": "testest",
    "portMap": "3000",
    "username": "oriorigranot@gmail.com"
  },
  {
    "dockerImage": "natanger97/web-scraping-chatbot:001",
    "appName": "testing-1",
    "portMap": "8080",
    "username": "vicolicht18@gmail.com"
  },
  {
    "dockerImage": "nivitzhaky/chatbot:002",
    "appName": "testing-2",
    "portMap": "8081",
    "username": "vicolicht18@gmail.com"
  },
  {
    "dockerImage": "nivitzhaky/chatbot:002",
    "appName": "test-scrapper38",
    "portMap": "8080",
    "username": "vicolicht@gmail.com"
  },
  {
    "dockerImage": "yarindev/tinyurl:004",
    "appName": "yarin-tinyurl",
    "portMap": "8080",
    "username": "yarin.software@gmail.com"
  },
  {
    "dockerImage": "yarindev/basicspring:002",
    "appName": "yaring-basicspring",
    "portMap": "8080",
    "username": "yarin.software@gmail.com"
  },
  {
    "dockerImage": "yarindev/searchengine:002",
    "appName": "yaring-searchengine",
    "portMap": "8080",
    "username": "yarin.software@gmail.com"
  },
  {
    "dockerImage": "yarindev/chatbot:004",
    "appName": "yarin-chatbot",
    "portMap": "8080",
    "username": "yarin.software@gmail.com"
  },
  {
    "dockerImage": "yarindev/quiz:003",
    "appName": "yaring-quiz",
    "portMap": "1234",
    "username": "yarin.software@gmail.com"
  },
  {
    "dockerImage": "ofeksag/basic:001",
    "appName": "ofek-basic",
    "portMap": "8080",
    "username": "ofeksagiv@gmail.com"
  },
  {
    "dockerImage": "roeetal979/tiny:1",
    "appName": "roee-tinyurl1",
    "portMap": "8080",
    "username": "roeetal979@gmail.com"
  },
  {
    "dockerImage": "roeetal979/tinyurl:2",
    "appName": "roee-tinyurl",
    "portMap": "8080",
    "username": "roeetal979@gmail.com"
  },
  {
    "dockerImage": "ronhachmon/react-dev",
    "appName": "react-app",
    "portMap": "80",
    "username": "hachmonron@gmail.com"
  },
  {
    "dockerImage": "motia770/basicspring:001",
    "appName": "basicspring-moti",
    "portMap": "8080",
    "username": "motialp770@gmail.com"
  },
  {
    "dockerImage": "motia770/searchengine:002",
    "appName": "searchengine-moti",
    "portMap": "8080",
    "username": "motialp770@gmail.com"
  },
  {
    "dockerImage": "motia770/flask-moti:001",
    "appName": "moti-basic-flask",
    "portMap": "5000",
    "username": "motialp770@gmail.com"
  },
  {
    "dockerImage": "motia770/flask-moti:002",
    "appName": "moti-basic-flask--",
    "portMap": "5000",
    "username": "motialp770@gmail.com"
  },
  {
    "dockerImage": "noams24/smart-agent-fastapi:02",
    "appName": "smart-agent-fastapi2",
    "portMap": "8000",
    "username": "noams299@gmail.com"
  },
  {
    "dockerImage": "noams24/smart-agent-server:01",
    "appName": "smart-agent-server",
    "portMap": "8080",
    "username": "noams299@gmail.com"
  },
  {
    "dockerImage": "noams24/linkdin-scraper:004",
    "appName": "linkdin-scraper",
    "portMap": "8000",
    "username": "noams299@gmail.com"
  },
  {
    "dockerImage": "orelav/chatbot:001",
    "appName": "orel-chatbot",
    "portMap": "8080",
    "username": "orel.avihad@gmail.com"
  },
  {
    "dockerImage": "orelav/lpm-stations:orel-001",
    "appName": "lpm-stations-orel",
    "portMap": "8080",
    "username": "orel.avihad@gmail.com"
  },
  {
    "dockerImage": "yoni770/forter:001",
    "appName": "forter",
    "portMap": "80",
    "username": "y.rahman770770@gmail.com"
  },
  {
    "dockerImage": "elip94/basic-spring:eli-003",
    "appName": "eli-basic-spring",
    "portMap": "8080",
    "username": "eliparser@gmail.com"
  },
  {
    "dockerImage": "elip94/eli-chatbot:eli-001",
    "appName": "eli-chatbot",
    "portMap": "8080",
    "username": "eliparser@gmail.com"
  },
  {
    "dockerImage": "elip94/eli-sentiment:eli-002",
    "appName": "sentiment",
    "portMap": "8080",
    "username": "eliparser@gmail.com"
  },
  {
    "dockerImage": "elip94/eli-searchengine:eli-001",
    "appName": "eli-searchengine",
    "portMap": "8080",
    "username": "eliparser@gmail.com"
  },
  {
    "dockerImage": "achinoam123/basic-spring:achinoam-001",
    "appName": "achinoam-basic",
    "portMap": "8080",
    "username": "achinoam123123@gmail.com"
  },
  {
    "dockerImage": "achinoam123/basic-spring:achinoam-001",
    "appName": "achinoam1-basuc",
    "portMap": "8080",
    "username": "achinoam123123@gmail.com"
  },
  {
    "dockerImage": "achinoam123/chatbot:001",
    "appName": "achinoam-chatbot",
    "portMap": "8080",
    "username": "achinoam123123@gmail.com"
  },
  {
    "dockerImage": "achinoam123/tinyurl:001",
    "appName": "achinoam-tinturl",
    "portMap": "8080",
    "username": "achinoam123123@gmail.com"
  },
  {
    "dockerImage": "ysiraamit/tinyurl:002",
    "appName": "yair-tinyurl",
    "portMap": "8080",
    "username": "ysiraamit@gmail.com"
  },
  {
    "dockerImage": "bar6132/ask_ai",
    "appName": "ask-ai",
    "portMap": "5000",
    "username": "barbar6132@gmail.com"
  },
  {
    "dockerImage": "roeishc/imdb-chatbot:roei-001",
    "appName": "imdb-chatbot",
    "portMap": "8080",
    "username": "roei.shchory@gmail.com"
  },
  {
    "dockerImage": "roeishc/tinyurl:roei-006",
    "appName": "roei-tinyurl",
    "portMap": "8080",
    "username": "roei.shchory@gmail.com"
  },
  {
    "dockerImage": "dudivaichledere/flight_simulator_code_interpreter",
    "appName": "flight-simulator-code-interpreter",
    "portMap": "8080",
    "username": "dudi.w9453@gmail.com"
  },
  {
    "dockerImage": "gallevy94/chatbot:001",
    "appName": "gal-chatbot",
    "portMap": "8080",
    "username": "gali13031@gmail.com"
  },
  {
    "dockerImage": "gallevy94/searchengine:001",
    "appName": "gal-searchengine",
    "portMap": "8080",
    "username": "gali13031@gmail.com"
  },
  {
    "dockerImage": "gallevy94/trip-planner:10",
    "appName": "trip-planner",
    "portMap": "8080",
    "username": "gali13031@gmail.com"
  },
  {
    "dockerImage": "ilanv145/searchengine:001",
    "appName": "ilanv-searchengine",
    "portMap": "8080",
    "username": "ilanv145@gmail.com"
  },
  {
    "dockerImage": "ilanv145/basic:001",
    "appName": "ilanv145-basic",
    "portMap": "8080",
    "username": "ilanv145@gmail.com"
  },
  {
    "dockerImage": "ilanv145/tinyurl:003",
    "appName": "ilanv-tinyurl",
    "portMap": "8080",
    "username": "ilanv145@gmail.com"
  },
  {
    "dockerImage": "dsisback/searchengine:001",
    "appName": "searchengigne102",
    "portMap": "8080",
    "username": "shechtmandaniel@gmail.com"
  },
  {
    "dockerImage": "dsisback/tinyurl:003",
    "appName": "tinyurl003",
    "portMap": "8080",
    "username": "shechtmandaniel@gmail.com"
  },
  {
    "dockerImage": "nadaveliash/chatbot:1.1",
    "appName": "nadav-chatbot",
    "portMap": "8080",
    "username": "nadav.eliash@gmail.com"
  },
  {
    "dockerImage": "israelnatnov/myapi",
    "appName": "backend",
    "portMap": "5000",
    "username": "israeln753951@gmail.com"
  },
  {
    "dockerImage": "israelnatnov/myapi",
    "appName": "myback",
    "portMap": "5000",
    "username": "israeln753951@gmail.com"
  },
  {
    "dockerImage": "israelnatnov/maps-api",
    "appName": "maps-api",
    "portMap": "5000",
    "username": "israeln753951@gmail.com"
  },
  {
    "dockerImage": "efratf/chatbot:001",
    "appName": "efratf-chatbot",
    "portMap": "8080",
    "username": "urielfr1234@gmail.com"
  },
  {
    "dockerImage": "avilinko/receiptscanner:006",
    "appName": "receipt-scanner",
    "portMap": "5000",
    "username": "av.ka999@gmail.com"
  },
  {
    "dockerImage": "avilinko/mdsecurity:022",
    "appName": "md-security22",
    "portMap": "5000",
    "username": "av.ka999@gmail.com"
  },
  {
    "dockerImage": "gavishko/chatbot:001",
    "appName": "amitg-chatbot",
    "portMap": "8080",
    "username": "amitgavish96@gmail.com"
  },
  {
    "dockerImage": "noam597/chatbot:001",
    "appName": "noamha-chatbot",
    "portMap": "8080",
    "username": "noamharris6@gmail.com"
  },
  {
    "dockerImage": "noam597/mytodos:todo",
    "appName": "todo-list",
    "portMap": "3000",
    "username": "noamharris6@gmail.com"
  },
  {
    "dockerImage": "noam597/chatbot1:002",
    "appName": "noamha-chatbot1",
    "portMap": "8080",
    "username": "noamharris6@gmail.com"
  },
  {
    "dockerImage": "liro/chatbot:02",
    "appName": "lirov-chatbot",
    "portMap": "8080",
    "username": "lirovink@gmail.com"
  },
  {
    "dockerImage": "danielshapi4a/chatbot:001",
    "appName": "danielshapchatbot",
    "portMap": "8080",
    "username": "danielshapira3@gmail.com"
  },
  {
    "dockerImage": "danielshapi4a/tinyurl:003",
    "appName": "danie-tinyurl",
    "portMap": "8080",
    "username": "danielshapira3@gmail.com"
  },
  {
    "dockerImage": "danielshapi4a/searchengine:001",
    "appName": "daniel-searchengine",
    "portMap": "8080",
    "username": "danielshapira3@gmail.com"
  },
  {
    "dockerImage": "danielshapi4a/sentiment:001",
    "appName": "daniel-sentimentanalysis",
    "portMap": "8080",
    "username": "danielshapira3@gmail.com"
  },
  {
    "dockerImage": "danielshapi4a/recipesuggestor:002",
    "appName": "recipesuggestor-bot",
    "portMap": "8080",
    "username": "danielshapira3@gmail.com"
  },
  {
    "dockerImage": "aryoz/tinyurl:001",
    "appName": "tinyurl-aryoz",
    "portMap": "8080",
    "username": "shmuelbuya@gmail.com"
  },
  {
    "dockerImage": "danielra303/chatbot:001",
    "appName": "danir-chatbot",
    "portMap": "8080",
    "username": "dra0391@gmail.com"
  },
  {
    "dockerImage": "edenta/my-movies-client:latest",
    "appName": "myemployees",
    "portMap": "3000",
    "username": "eden.tamar2@gmail.com"
  },
  {
    "dockerImage": "barharush9/starbucks:001",
    "appName": "starbucks",
    "portMap": "3000",
    "username": "barharush97@gmail.com"
  },
  {
    "dockerImage": "barharush9/starbucks-webiks-app:latest",
    "appName": "starbucks-demo",
    "portMap": "3000",
    "username": "barexg1@gmail.com"
  },
  {
    "dockerImage": "niv1999/vacations-flask-image:1.0",
    "appName": "paradisevacations",
    "portMap": "5000",
    "username": "niv1999@gmail.com"
  },
  {
    "dockerImage": "niv1999/job-interview-image:1.0",
    "appName": "jobinterviewai",
    "portMap": "3000",
    "username": "niv1999@gmail.com"
  },
  {
    "dockerImage": "raanan7784/warehouse-order-processing:v1.0.1",
    "appName": "warehouse-management-order",
    "portMap": "8082",
    "username": "radesigner84@gmail.com"
  },
  {
    "dockerImage": "mishel5153/chatbot:mishel-001",
    "appName": "chatbotmishel",
    "portMap": "8080",
    "username": "mishel5153@gmail.com"
  },
  {
    "dockerImage": "mishel5153/sentiment:001",
    "appName": "sentimentmishel",
    "portMap": "8080",
    "username": "mishel5153@gmail.com"
  },
  {
    "dockerImage": "mishel5153/searchengine:001p",
    "appName": "searchmishel",
    "portMap": "8080",
    "username": "mishel5153@gmail.com"
  },
  {
    "dockerImage": "mishel5153/tinyurl:001",
    "appName": "tinyurlmishelbentsur",
    "portMap": "8080",
    "username": "mishel5153@gmail.com"
  },
  {
    "dockerImage": "serengil/deepface:latest",
    "appName": "accesscontrolfacerecog",
    "portMap": "5005",
    "username": "mishel5153@gmail.com"
  },
  {
    "dockerImage": "barschtalman/chatbot:001",
    "appName": "bar-chatbot",
    "portMap": "8080",
    "username": "barschtalman@gmail.com"
  },
  {
    "dockerImage": "barschtalman/tinyurl:000001",
    "appName": "bars-tinyurl",
    "portMap": "8080",
    "username": "barschtalman@gmail.com"
  },
  {
    "dockerImage": "barschtalman/sentiment:0002",
    "appName": "bars-sentiment",
    "portMap": "8080",
    "username": "barschtalman@gmail.com"
  },
  {
    "dockerImage": "barschtalman/basic-spring:bar-0002",
    "appName": "bars-basicspring",
    "portMap": "8080",
    "username": "barschtalman@gmail.com"
  },
  {
    "dockerImage": "barschtalman/searchengine:0001",
    "appName": "bars-searchengine",
    "portMap": "8080",
    "username": "barschtalman@gmail.com"
  },
  {
    "dockerImage": "netanelwallach/basic-spring:netanel-002",
    "appName": "netanelw-basicspring2",
    "portMap": "8080",
    "username": "netanelwallach@gmail.com"
  },
  {
    "dockerImage": "netanelwallach/basic-spring:netanel-002",
    "appName": "net-spring",
    "portMap": "8080",
    "username": "netanelwallach@gmail.com"
  },
  {
    "dockerImage": "yardenaharon/chatbot:001",
    "appName": "yardena-chatbot",
    "portMap": "8080",
    "username": "jorden.a17@gmail.com"
  },
  {
    "dockerImage": "yardenaharon/tinyurl:001",
    "appName": "tinyurlnew",
    "portMap": "8080",
    "username": "jorden.a17@gmail.com"
  },
  {
    "dockerImage": "elad9219/chatbot2:001",
    "appName": "eladt-chatbot2",
    "portMap": "8080",
    "username": "elad9219@gmail.com"
  },
  {
    "dockerImage": "elad9219/tinyurl2:001",
    "appName": "eladten-tinyurl2",
    "portMap": "8080",
    "username": "elad9219@gmail.com"
  },
  {
    "dockerImage": "elad9219/searchengine:001",
    "appName": "eladt-searchengine",
    "portMap": "8080",
    "username": "elad9219@gmail.com"
  },
  {
    "dockerImage": "elad9219/travelad-amd64-final:005",
    "appName": "travelad",
    "portMap": "8080",
    "username": "elad9219@gmail.com"
  },
  {
    "dockerImage": "itay1e/back-end-ai:09",
    "appName": "chat-ai-db",
    "portMap": "8080",
    "username": "itayz1e.fullstack@gmail.com"
  },
  {
    "dockerImage": "gelberg2311/aibackend:04",
    "appName": "chat-ai-gge",
    "portMap": "8080",
    "username": "itayz1e.fullstack@gmail.com"
  },
  {
    "dockerImage": "itay1e/back-end-ai:010",
    "appName": "chat-ai-db-v2",
    "portMap": "8080",
    "username": "itayz1e.fullstack@gmail.com"
  },
  {
    "dockerImage": "efratperetz/chatbot:001",
    "appName": "efratperetz-chatbot",
    "portMap": "8080",
    "username": "ef8003@gmail.com"
  },
  {
    "dockerImage": "efratperetz/tinyurl:005",
    "appName": "efratperetz-tinyurl1",
    "portMap": "8080",
    "username": "ef8003@gmail.com"
  },
  {
    "dockerImage": "efratperetz/tinyurl:007",
    "appName": "efratperetz-tinyurl",
    "portMap": "8080",
    "username": "ef8003@gmail.com"
  },
  {
    "dockerImage": "efratperetz/searchengine:001",
    "appName": "efratperetz-searchengine",
    "portMap": "8080",
    "username": "ef8003@gmail.com"
  },
  {
    "dockerImage": "efratperetz/bussiness-app:001",
    "appName": "bussiness-app",
    "portMap": "80",
    "username": "ef8003@gmail.com"
  },
  {
    "dockerImage": "efratperetz/bussiness-app:001",
    "appName": "bussiness",
    "portMap": "80",
    "username": "ef8003@gmail.com"
  },
  {
    "dockerImage": "lilachherzog/chatbot:001",
    "appName": "lilach-chatbot",
    "portMap": "8080",
    "username": "lilach.m.h@gmail.com"
  },
  {
    "dockerImage": "lilachherzog/tinyurl:006",
    "appName": "lilach-tinyurl",
    "portMap": "8080",
    "username": "lilach.m.h@gmail.com"
  },
  {
    "dockerImage": "tehilanatan/basic-spring:tehila-001",
    "appName": "tehilanatan-basic-spring",
    "portMap": "8080",
    "username": "tehila.natan1@gmail.com"
  },
  {
    "dockerImage": "tehilanatan/chatbot:chatbot-0011",
    "appName": "chatbot0011",
    "portMap": "8080",
    "username": "tehila.natan1@gmail.com"
  },
  {
    "dockerImage": "tehilanatan/chatbot:chatbot-007",
    "appName": "chatbot-007",
    "portMap": "8080",
    "username": "tehila.natan1@gmail.com"
  },
  {
    "dockerImage": "tehilanatan/tinyurl:tinyurl-003",
    "appName": "tinyurl-003",
    "portMap": "8080",
    "username": "tehila.natan1@gmail.com"
  },
  {
    "dockerImage": "lidormoryosef/tinyurl:003",
    "appName": "tinyurl-lidormor",
    "portMap": "8080",
    "username": "lidor28799@gmail.com"
  },
  {
    "dockerImage": "lidormoryosef/trivgame:012",
    "appName": "trivia-game-ai",
    "portMap": "8080",
    "username": "lidor28799@gmail.com"
  },
  {
    "dockerImage": "lidormoryosef/socialmedia:001",
    "appName": "socialmedia",
    "portMap": "8080",
    "username": "lidor28799@gmail.com"
  },
  {
    "dockerImage": "lidormoryosef/currency:001",
    "appName": "currency",
    "portMap": "8080",
    "username": "lidor28799@gmail.com"
  },
  {
    "dockerImage": "shulajz/quizgame-backend:latest25",
    "appName": "quizgame",
    "portMap": "5000",
    "username": "shulajz@gmail.com"
  },
  {
    "dockerImage": "asafbs/chatbot-002:003",
    "appName": "asafb-chatbot-002-003",
    "portMap": "8080",
    "username": "asafbs3@gmail.com"
  },
  {
    "dockerImage": "asafbs/tinyurl:004",
    "appName": "asaf-tinyurl-001",
    "portMap": "8080",
    "username": "asafbs3@gmail.com"
  },
  {
    "dockerImage": "asafbs/ticketbot:012",
    "appName": "ticketbot-012",
    "portMap": "8080",
    "username": "asafbs3@gmail.com"
  },
  {
    "dockerImage": "ronitzhak/vmfc-api",
    "appName": "vmfc-api-run",
    "portMap": "9000",
    "username": "ronitz9@gmail.com"
  },
  {
    "dockerImage": "ronitzhak/syte",
    "appName": "dashboard",
    "portMap": "9000",
    "username": "ronitz9@gmail.com"
  },
  {
    "dockerImage": "ronitzhak/names-api",
    "appName": "names",
    "portMap": "9000",
    "username": "ronitz9@gmail.com"
  },
  {
    "dockerImage": "ocdev1/vidtube-server",
    "appName": "vidtube",
    "portMap": "12345",
    "username": "omricohen19@gmail.com"
  },
  {
    "dockerImage": "nachmiasx/flask_app:001",
    "appName": "aviv-gpt",
    "portMap": "5001",
    "username": "avivnachmias23@gmail.com"
  },
  {
    "dockerImage": "nachmiasx/flask_app:002",
    "appName": "aviv-gpt2",
    "portMap": "5001",
    "username": "avivnachmias23@gmail.com"
  },
  {
    "dockerImage": "nachmiasx/student-information-management:003",
    "appName": "student-information-managment",
    "portMap": "8080",
    "username": "avivnachmias23@gmail.com"
  },
  {
    "dockerImage": "shakshukayahoo/chatbot:guy-003",
    "appName": "guy-chatbot",
    "portMap": "8080",
    "username": "shakshuka1998@icloud.com"
  },
  {
    "dockerImage": "shakshukayahoo/searchengine:guy-001",
    "appName": "guy-searchengine",
    "portMap": "8080",
    "username": "shakshuka1998@icloud.com"
  },
  {
    "dockerImage": "shakshukayahoo/lesson_generator:guy-019",
    "appName": "pupil-lesson-generator",
    "portMap": "8080",
    "username": "shakshuka1998@icloud.com"
  },
  {
    "dockerImage": "hodorroni/chatbot:001",
    "appName": "roni-chatbot",
    "portMap": "8080",
    "username": "hodorroni@gmail.com"
  },
  {
    "dockerImage": "hodorroni/tinyurl:001",
    "appName": "roni-tinyurl",
    "portMap": "8080",
    "username": "hodorroni@gmail.com"
  },
  {
    "dockerImage": "hodorroni/smartcalendar:001",
    "appName": "smartcalendar",
    "portMap": "8080",
    "username": "hodorroni@gmail.com"
  },
  {
    "dockerImage": "tmoshel/basic:001",
    "appName": "tmoshel-basic",
    "portMap": "8080",
    "username": "talmoshel444@gmail.com"
  },
  {
    "dockerImage": "tmoshel/tinyurl:001",
    "appName": "tmoshel-tinyurl",
    "portMap": "8080",
    "username": "talmoshel444@gmail.com"
  },
  {
    "dockerImage": "tmoshel/chatbot:001",
    "appName": "tmoshel-chatbot",
    "portMap": "8080",
    "username": "talmoshel444@gmail.com"
  },
  {
    "dockerImage": "tmoshel/cvgenerator:009",
    "appName": "cvgenerator",
    "portMap": "8080",
    "username": "talmoshel444@gmail.com"
  },
  {
    "dockerImage": "tmoshel/searchengine:006",
    "appName": "search-engine",
    "portMap": "8080",
    "username": "talmoshel444@gmail.com"
  },
  {
    "dockerImage": "yaakovg414/searchengine:002",
    "appName": "yaakovg-searchengine002",
    "portMap": "8080",
    "username": "kobiglam2000@gmail.com"
  },
  {
    "dockerImage": "yaakovg414/tinyurl:005",
    "appName": "yaakovg-tinyurl",
    "portMap": "8081",
    "username": "kobiglam2000@gmail.com"
  },
  {
    "dockerImage": "yaakovg414/basic:001",
    "appName": "yaakovg-basic-spring",
    "portMap": "8080",
    "username": "kobiglam2000@gmail.com"
  },
  {
    "dockerImage": "yardenitah/chatbot:001",
    "appName": "my-chatbot",
    "portMap": "8080",
    "username": "yarden1606@gmail.com"
  },
  {
    "dockerImage": "yahavnirr1997/fast-api",
    "appName": "fastapi",
    "portMap": "8000",
    "username": "yyynyahav@gmail.com"
  },
  {
    "dockerImage": "1122335588/budget-tracker-app:latest",
    "appName": "realestate-tracker2",
    "portMap": "3000",
    "username": "yyynyahav@gmail.com"
  },
  {
    "dockerImage": "1122335588/budget-tracker-app:latest",
    "appName": "tracker-realestate",
    "portMap": "3000",
    "username": "yyynyahav@gmail.com"
  },
  {
    "dockerImage": "arielbengayev/chatbot:001",
    "appName": "ariel-chatbot",
    "portMap": "8080",
    "username": "arielazaz@gmail.com"
  },
  {
    "dockerImage": "arielbengayev/basic:002",
    "appName": "arielb-basic-spring",
    "portMap": "8080",
    "username": "arielazaz@gmail.com"
  },
  {
    "dockerImage": "arielbengayev/procv:012",
    "appName": "procv",
    "portMap": "8080",
    "username": "arielazaz@gmail.com"
  },
  {
    "dockerImage": "kerenco/chatbot:002",
    "appName": "keren-chatbot",
    "portMap": "8080",
    "username": "keren5005005@gmail.com"
  },
  {
    "dockerImage": "amithen/tinyurl:002",
    "appName": "amit-tiny",
    "portMap": "8080",
    "username": "amitoa50@gmail.com"
  },
  {
    "dockerImage": "amithen/chatbot:latest",
    "appName": "amit-chatbot",
    "portMap": "8080",
    "username": "amitoa50@gmail.com"
  },
  {
    "dockerImage": "amithen/searchengine:001",
    "appName": "amit-searchengine",
    "portMap": "8080",
    "username": "amitoa50@gmail.com"
  },
  {
    "dockerImage": "davidohhana/newsai_gateway:latest",
    "appName": "newsai",
    "portMap": "8080",
    "username": "sustujbv167@gmail.com"
  },
  {
    "dockerImage": "benohayon/basic-spring:1001",
    "appName": "students-server",
    "portMap": "8080",
    "username": "ben1679@gmail.com"
  },
  {
    "dockerImage": "benohayon/tinyurl:1.0.2",
    "appName": "tinyurl2",
    "portMap": "8080",
    "username": "ben1679@gmail.com"
  },
  {
    "dockerImage": "benohayon/searchengine:1.0.2",
    "appName": "ben-searchengine-1",
    "portMap": "8080",
    "username": "ben1679@gmail.com"
  },
  {
    "dockerImage": "benohayon/sentiment",
    "appName": "ben-sentiment",
    "portMap": "8080",
    "username": "ben1679@gmail.com"
  },
  {
    "dockerImage": "benohayon/chatbot",
    "appName": "ben-chatbot",
    "portMap": "8080",
    "username": "ben1679@gmail.com"
  },
  {
    "dockerImage": "benohayon/cellxpert-nx-project:1.0.0",
    "appName": "cellxpert-nx-project",
    "portMap": "5200",
    "username": "ben1679@gmail.com"
  },
  {
    "dockerImage": "nirshaulian/chatbot:001",
    "appName": "nirsh-chatbot",
    "portMap": "8080",
    "username": "nashaulian@gmail.com"
  },
  {
    "dockerImage": "nirshaulian/search-engine:001",
    "appName": "nirsh-search-engine",
    "portMap": "8080",
    "username": "nashaulian@gmail.com"
  },
  {
    "dockerImage": "nirshaulian/tinyurl:004",
    "appName": "nirsh-tinyurl",
    "portMap": "8080",
    "username": "nashaulian@gmail.com"
  },
  {
    "dockerImage": "matanswisa01/basic-spring:0.2",
    "appName": "matanswisa01-basic-spring",
    "portMap": "8080",
    "username": "matanswisa01@gmail.com"
  },
  {
    "dockerImage": "omery500/basic:001",
    "appName": "omer-basic",
    "portMap": "8080",
    "username": "omery500@gmail.com"
  },
  {
    "dockerImage": "knir44/basic-spring:nir-1001",
    "appName": "basic-spring-nir",
    "portMap": "8080",
    "username": "knir44@gmail.com"
  },
  {
    "dockerImage": "knir44/nirk-chatbot:1002",
    "appName": "nirk-chatbot",
    "portMap": "8080",
    "username": "knir44@gmail.com"
  },
  {
    "dockerImage": "knir44/tiny_url:001",
    "appName": "nirk-tinyurl",
    "portMap": "8080",
    "username": "knir44@gmail.com"
  },
  {
    "dockerImage": "knir44/search_engine:0011",
    "appName": "searchengine-knir",
    "portMap": "8080",
    "username": "knir44@gmail.com"
  },
  {
    "dockerImage": "dockereldad/basic-spring:eldad-001",
    "appName": "basic-spring-eldad",
    "portMap": "8080",
    "username": "eldad.set@gmail.com"
  },
  {
    "dockerImage": "cshani1984/leadsapp:v1.2",
    "appName": "elecen-leaddapp",
    "portMap": "3000",
    "username": "cshani1984@gmail.com"
  },
  {
    "dockerImage": "robodavli/scraping-service:1.0.0",
    "appName": "scraping-service",
    "portMap": "4000",
    "username": "robodavli@gmail.com"
  },
  {
    "dockerImage": "miryamshooter/tiny-url:002",
    "appName": "miryam-tinyurl",
    "portMap": "8080",
    "username": "miryamshooter@gmail.com"
  },
  {
    "dockerImage": "miryamshooter/chatbot:001",
    "appName": "miryam-chatbot",
    "portMap": "8080",
    "username": "miryamshooter@gmail.com"
  },
  {
    "dockerImage": "miryamshooter/enginesearch:001",
    "appName": "miryam-enginesearch",
    "portMap": "8080",
    "username": "miryamshooter@gmail.com"
  },
  {
    "dockerImage": "nivitzhaky/basic-spring:bar-005",
    "appName": "kofsfle",
    "portMap": "8080",
    "username": "bar7569@gmail.com"
  },
  {
    "dockerImage": "nivitzhaky/tinyurl:bar-010",
    "appName": "tinybar3",
    "portMap": "8080",
    "username": "bar7569@gmail.com"
  },
  {
    "dockerImage": "nivitzhaky/chatbot:bar-002",
    "appName": "bar-chatbot3",
    "portMap": "8080",
    "username": "bar7569@gmail.com"
  },
  {
    "dockerImage": "barzx45/basicspring:bar-007",
    "appName": "reshex-basicspring",
    "portMap": "8080",
    "username": "bar7569@gmail.com"
  },
  {
    "dockerImage": "barzx45/tinyurl:bar-010",
    "appName": "reshex-tinyurl",
    "portMap": "8080",
    "username": "bar7569@gmail.com"
  },
  {
    "dockerImage": "barzx45/chatbot:bar-002",
    "appName": "reshex-chatbot",
    "portMap": "8080",
    "username": "bar7569@gmail.com"
  },
  {
    "dockerImage": "nivitzhaky/basic-spring:3001",
    "appName": "qweqwe",
    "portMap": "8080",
    "username": "barzx45@gmail.com"
  },
  {
    "dockerImage": "kgh2/basic-spring:0.3",
    "appName": "bsacicet",
    "portMap": "8080",
    "username": "kedem.ethan@gmail.com"
  },
  {
    "dockerImage": "yoni99/hometest-app:002",
    "appName": "schoolsystem",
    "portMap": "8080",
    "username": "yoni.itzhaki@gmail.com"
  },
  {
    "dockerImage": "yoni99/hometest-app:0010",
    "appName": "schooldudasystem",
    "portMap": "8080",
    "username": "yoni.itzhaki@gmail.com"
  },
  {
    "dockerImage": "yoni99/hometest-app:0040",
    "appName": "dudaschoolproject",
    "portMap": "8080",
    "username": "yoni.itzhaki@gmail.com"
  },
  {
    "dockerImage": "natanger97/node-docker-test-app:v1.10",
    "appName": "natan-guidde",
    "portMap": "3000",
    "username": "natan.gershbein@guidde.co"
  },
  {
    "dockerImage": "eduard08/basic-spring:eduard-001",
    "appName": "guidde-deploy",
    "portMap": "8000",
    "username": "natan.gershbein@guidde.co"
  },
  {
    "dockerImage": "natanger97/web-scraping-chatbot:001",
    "appName": "guidde-demo-1",
    "portMap": "8080",
    "username": "natan.gershbein23@guidde.co"
  },
  {
    "dockerImage": "dzhroman/chatbot:001",
    "appName": "romand-chatbot",
    "portMap": "8080",
    "username": "dzhaparydze.roman@gmail.com"
  },
  {
    "dockerImage": "1122335588/budget-tracker-app",
    "appName": "real-estate-tracker",
    "portMap": "3000",
    "username": "yahavnirr@gmail.com"
  },
  {
    "dockerImage": "alonspivack1/my-spring-boot-app:v1.0",
    "appName": "spring-boot",
    "portMap": "8080",
    "username": "alonspivack1@gmail.com"
  },
  {
    "dockerImage": "redis:alpine3.21",
    "appName": "j-redis",
    "portMap": "80",
    "username": "komarovj91@gmail.com"
  },
  {
    "dockerImage": "refaell/shoping-receipt",
    "appName": "shopping-receipt",
    "portMap": "8081",
    "username": "refael14levi@gmail.com"
  },
  {
    "dockerImage": "tzionbuchris/heart-rate:1.0.0",
    "appName": "tzion-heart-rate",
    "portMap": "5000",
    "username": "buchris2210@gmail.com"
  }
]