appName,existsByAppName,existsById,containerId,imageValid,dockerImg
1234,true,true,c2bdb5e78cffbdd9ccf2c85f570d26022e9a0576ef7cb99094cfa558d2118a8f,true,calanitmadar/test2
nirsh-search-engine,true,true,ceec91e42618bed24a6fd4ee56e0ed2e03ed7d3b1da3e936b11c19f786a86008,true,nirshaulian/search-engine:001
smart-agent-fastapi2,true,true,d8f1f13d9fb7d22c24140d6856a4d73cb5ed225aa80bf71ddc7cd5b3e6071611,true,noams24/smart-agent-fastapi:02
daniel-searchengine,true,true,f75852ab72ab1f2301c850f2537890926c53d6e5b790dc051bcc994f34977a6d,true,danielshapi4a/searchengine:001
yaring-searchengine,true,true,711df8f1af2865aae0bbabff7bfbba4bf46953fa34fa5e18149add5b213320de,true,yarindev/searchengine:002
efratf-chatbot,true,true,7316c486b97b2ed57a0f3a83e31aef2ff04a01acaeb38105e0b0e909c13704a3,true,efratf/chatbot:001
Harel-sentimentanalysis,true,true,74fa1b2a7e89bb7cd3004bc4d65b8d84c28428552bfbda15ee04c3dad0f182aa,true,harel1112361/sentimentanalysis:001
yaring-basicspring,true,true,478533a2b194056e846c54f0fa72f96977cfe42618a6d6b912a88972f93d6701,true,yarindev/basicspring:002
tinyurl-lidormor,true,true,95fcfdff56c9db5a48aa99833afb7ec0a6d7d68aa3ac2dde90c28e1802bfd226,true,lidormoryosef/tinyurl:003
shohamd-tinyurl,false,false,6f355a88c3610478b491f00b9d57ccc3f78ee940ba0144b8badbbf1b4ac1b952,true,shohamd1121/tiny-url:1.0.4
bar-chatbot3,true,true,6f51a25248560967376d69a1baa71531a11bb6d50e77e61d7ffda5e988ae8c25,true,nivitzhaky/chatbot:bar-002
eladt-chatbot2,true,true,244166bbb4aaedd3b85aec00340c10244e040f0ee4f8e69cd908a3d0e3ef6a97,true,elad9219/chatbot2:001
eduard-spring,false,false,d12e59c09a965ed976c24cfa6fa0ce59c21bd762f76060aad92aba33ab8c638f,true,eduard08/basic-spring:eduard-001
myemployees,true,true,5f9af73b6881d6e6113db5aadab93c7eeb4cd851c3623acc9e196c97aaf6c353,false,edenta/my-movies-client:latest
efratperetz-tinyurl,true,true,717e168ef590f99608b3400063ae6a3709dd466aba1aecac22224ed6b186d44d,true,efratperetz/tinyurl:007
miryam-chatbot,true,true,e83dfd52b5e6a5931ee886ff5bad520adce2c2170b0e0e070318531d8f1e073a,true,miryamshooter/chatbot:001
lpm-stations-orel,true,true,2a856be41bef22ebcd3fe68ac8f8b806905c98b30e6dff721a0e3b8b8d200a70,true,orelav/lpm-stations:orel-001
my-chatbot,true,true,e0368d0ec4778bf57d433eaa9b59d54fd8ec4c1f43c019bafb829834be477d74,true,yardenitah/chatbot:001
basic-spring-nir,true,true,822492886e1a513456ffc07466b61e7ed4c204041b22d7642440624d5e3c800a,true,knir44/basic-spring:nir-1001
bars-tinyurl,true,true,952f46aa1a86af3cbc7932d2e79e0dbab4b16159451be62fbee8d9a99a54b8fd,true,barschtalman/tinyurl:000001
test265241,false,false,0f4c16486493281838f9345639aebfc9a7a3df68a7aad08a29a602b6537b59c8,true,calanitmadar/test2:221732
harely-chatbot,true,true,a50e991f55b1c6f390e6567ac81b018aa106d90344733f5599bbe94c1cd27058,true,harel1112361/chatbot:022
smart-agent-server,true,true,59a9749f3bf71b3c6db4e8b0ff2a6bb2565f23530470e10c04d52a15561ab73c,true,noams24/smart-agent-server:01
roni-tinyurl,true,true,bbffaf1e1728bf4e14ae69a5596061ba2cabaf46d03606a3ee3551dd7e5e91ea,true,hodorroni/tinyurl:001
amitg-chatbot,true,true,13f1ab88096e0f5c75a25beabc5030a028ba3c03cfe84197a148f948a803e2ba,true,gavishko/chatbot:001
demo70726,false,false,89d4715b1fe220fb4fdec757108b552aa25ef8ed4f8d3dc78ab143b74724fdbe,true,calanitmadar/demo:695657
demo47370,false,false,c45e8e7d670510e874876cd0f1e79a5e19c47a184df4c96fef4c89de110a4e0f,true,calanitmadar/demo:844882
cartcrafter2,false,false,ca0a9ab9dec6e8f48440d41aae1d3e6a4c9b9d610c6e73837d86233965630eca,true,tomerasulin/cart-crafter:v2
nirsh-chatbot,true,true,8e8c34a109e3716431e53dcb185b6ce1206e53090e467adf17209db9b46aedcd,true,nirshaulian/chatbot:001
Modern_Backend,false,false,e03894dd71f7b1b7cf12541a8835374c155a77edb5f3a6d9e152a37bd8ab421e,true,elhanani/backend:001
nitsnats-chatbot,false,false,b7274011ff1c8e24ece3bc7e36f170812b68d5a840a7c342154db7f6cbd0eb3a,true,nitsnats/chatbot:001
bbb,true,true,af100c4eb26011e6c2e5dc8c943b2e421f5f66cc2932dec32c9fd62cd9abfb83,true,yoni99/hometest-app:001
cellxpert-nx-project,true,true,fe76b059d839c572ec087a01236f49e1714397a68ab5264882deb1382b678b95,true,benohayon/cellxpert-nx-project:1.0.0
demo92610,false,false,533b2b1fe7270f169934ad339ddf53fcc23473c05af496c1eba17fd0b98ba0a8,true,calanitmadar/demo:220933
react-app,true,true,335eb7fc14dd085cbd14d8395f26368811bd469d41ffd6e51819a171ce9360ca,true,ronhachmon/react-dev
amit-searchengine,true,true,d93cde62cbe84e3122b5ca21f200c18523fb4515390b49a350064a5d1117c6b7,true,amithen/searchengine:001
demo17294,false,false,5e562ea95a06bca18aad232cf60aecf0835ff953331f4192c517b6465cfc9439,true,calanitmadar/demo:997604
dvirh-chatbot,false,false,a53cf430d9b3deba58ba33b1e64814904cb1bf2df7e2d947da5347bc3116dc5a,true,nivitzhaky/chatbot:002
gal-chatbot,true,true,1b27a4c08fe2edbd8113ee3b21948f8512903e76a1620f3a5dacf7787190f2ef,true,gallevy94/chatbot:001
qweqwe,true,true,c00293bec2668d62fe06e2a0c78e432e88ebc60d749c7d726ef81171041bfab3,true,nivitzhaky/basic-spring:3001
gil-tinyurl,true,true,69fcdd981b00db7f6e4a62c4d1797eef8c5f82b92896833aa5cb51e383742cd4,true,gilshechter/tinyurl:001
danie-tinyurl,true,true,709d066e6872cf67aa4a5c2773b019813bf4e8e727ccbe08452e532516c10516,true,danielshapi4a/tinyurl:003
orel-chatbot,true,true,73e17057c3650001ec594ff044bb59a6a63dc9615c434a79f21fa19ea964a949,true,orelav/chatbot:001
ben-sentiment,true,true,d8e1995dce20f444154f38b20420f760338f4c67d1d2d32370bf084cf17ef960,true,benohayon/sentiment
demo75049,false,false,771c77b70a2e8de4f0144358a6b6f5a8eac2f4f3c04313a9d2e39f8a52bd981d,true,calanitmadar/demo:559977
danielshapchatbot,true,true,94e9a721099bc47536c928084ba833c9797a66ca76a7cb391f2ac91a1e4f78f5,true,danielshapi4a/chatbot:001
noamha-chatbot,true,true,135b91eee010d12b5b71c7cb82a8a2ab5d28239b4c72e7d2855ab94ef27692ac,true,noam597/chatbot:001
yair-tinyurl,true,true,78182aacb9f7361bde0f89c69204d9269db0be16a7efda88d5d4ea7bb6199f46,true,ysiraamit/tinyurl:002
calanittest1,false,false,0e2bbbd921584988a72366079fc570ba8752f34bffb1af4da1b2e1ac8e113a9f,true,nivitzhaky/chatbot:001
maps-api,true,true,e3d3344f1548fceeab26f7f7d059686b5c2f932583d7318d4dee90270bfa146d,true,israelnatnov/maps-api
calanittest2,false,false,bd7dc2a1556bec06b2ac1e86d01b8cf05d49fe887e51b1807e767a32bf67818c,true,nivitzhaky/chatbot:001
calanittest3,false,false,63d44080d71e10bab42f4549f84759106287f255330562d48a489a0eeab09524,false,calanitmadar/calanittest
calanittest4,false,false,f1374d635eb842ffb1627ad4f6931d9f282750faaec0dff3c6fac7b9e69d084e,false,calanitmadar/calanittest:001
test278210,false,false,f1b88f26794204641ba4aff4ee328afb1e0d002fbbc89a3f06bab92470e35013,true,calanitmadar/test2:950387
myback,true,true,dcfd08b6de1a96eac9e69824d13ae97ff9dd1f09fe9fdbae032cc19ce23a4f8b,true,israelnatnov/myapi
talentplease-tablesapi1,true,true,0a6f16d004054190563385dc58ab7228e0eba67676f37d32498dedcf0bb18c07,true,harel1112361/tables_api:002
yarin-tinyurl,true,true,4ed89504d0270503606a137333c2d71e4672adaded88dcb4438f2d4be574a378,true,yarindev/tinyurl:004
test228274,false,false,5b5027f44edaa0f52f47fd4eac49d87ecb111baaff44d3f0c416684f4c086b92,true,calanitmadar/test2:203029
myfxbook-parser,false,false,6f5149662500b4db24d35d64989b31351bced2448402abd63582feb168b1c013,true,gavri2000/parser:001
demo86768,false,false,1905142a80d9edcadd4867eeca3a9ef535548796000a6b4808cf35e1f6d10d1c,true,calanitmadar/demo:359302
students,true,true,78393652173cd589ff419329895c2c6dccc35ce19e27d78d5c8da883717e9117,true,michellei/students:002
starbucks-demo,true,true,e2e6800c30a2250d499894e99d97de9db9aea66442319035ad56983cea0d1cff,true,barharush9/starbucks-webiks-app:latest
chatbot0011,true,true,f21560fa40137e2b4b0bdc49cc537c3a3129bf6ecd951d731ba618ce363d9e4c,true,tehilanatan/chatbot:chatbot-0011
Eureka-server,false,false,b40e3f0938be894d1016627e86cfcd871cba48fe4316285258b56ad8c2ca90f7,true,bivas26/eureka-server
tinyurl-aryoz,true,true,e0d81e989da4c8a887554e05fddb5ce3ff1b4917fa53eb78a7f5e3755866c476,true,aryoz/tinyurl:001
calanittest,false,false,374ae32ce6022cad0eb81bc7aa899944e7e5fa222bd03cd5f71b7c363f4648ae,true,nivitzhaky/chatbot:001
mailing-service,true,true,203e5bd7ad7fb65f4b562bcce755f20927be3c0666f52fc0032ff35680240ad6,true,gilshechter/mailing-service:002
achinoam-tinturl,true,true,baffe4c102bc1b6fe961c8e33f5a5494250964640e7455267a352763248e3394,true,achinoam123/tinyurl:001
demo74667,false,false,97be96c17a1876a8ba629cfdfb51afb046bd7e9e68ebfc25c18248c2ef48fa90,true,calanitmadar/demo:470863
demo98955,false,false,e723e98fa26c4dec2c9c7a6ce0afc0fb87b2fa5a0435e8a92cd61fff2ab643c2,true,calanitmadar/demo:322829
noam-chatbot,false,false,db0781d3a9205c58c240d382284b38a8edd40b8127f0b6aa6571ee4253edad3d,true,noamhandelman/chatbot
pokemonApi,true,true,b6214eaead52d9f5c4b260038cc7280647b6a6eae95ce2aefff4a55c1f7179e2,true,bubupooka/bprootbto1:nanopolard
currency,true,true,f93cdec9860c9465dcd1c964120b990e2bdc472ecaff60e2e3f45e7e756209f5,true,lidormoryosef/currency:001
test260019,false,false,b3c6031023f02c1d4822b11d04433c5b721a8b0a186e0ae595beab065131f0d0,true,calanitmadar/test2:636234
nadav-chatbot,true,true,2ca63d24a9a1f72217b9a2e5cb0ead9b8762fefa34ad73bbe59ee3ea9802d128,true,nadaveliash/chatbot:1.1
niv-chatbot1234,true,true,1e8912aad99af640d37969c806a81d26c300e2673794b4c2effc5ea322306651,true,nivitzhaky/chatbot:002
romand-chatbot,true,true,5003aaea56a013ba8f09a14a6fac91265a2f18822843865308d3594f3bb744ec,true,dzhroman/chatbot:001
searchengine,false,false,80d1577f21a4877a28780546da980d19564ac8c519cbca4a2bd2d0814d89ea23,true,gavri2000/searchengine:001
abc,true,true,773e3395bfa3e08727c4aac24a2537bc960daed8a8c68a1411c584e6c4cdc97a,true,213123213123213123/nginx-custom
daniel-sentimentanalysis,true,true,2e87c8682099a1bf7b4b3e9a0354a4d80bd6d0cb2c7ee11c31fb1d993fe0cd6c,true,danielshapi4a/sentiment:001
chatbotmishel,true,true,039f0f6146ef1ac36d8e69df7d16aac6d8f5f2587e95cae7a098c13298fd5bce,true,mishel5153/chatbot:mishel-001
chat-ai-gge,true,true,b8d9bc3abfa30d9e5966b703ccd9740fdb8a30952a4acda4d68989ee18ba8eb5,true,gelberg2311/aibackend:04
realestate-tracker2,true,true,5c1644b99b6be2371b7d6a8ebae46bff609ff7c88a79e29f47bef60b21547f62,true,1122335588/budget-tracker-app:latest
basic-spring,false,false,a5586ef5ee397e8d644b4044479e565d61d34ddf143f51bc29aafb34dc86adbc,true,gavri2000/basic-spring:eran-001
raz-tinyurl,true,true,781b9f2cf9385cffae0ae479380289510859b3c3d13952f1f334a762137646ca,true,ayubix/tinyurl:raz-001
eladt-searchengine,true,true,8a2d1265e51159afd2fef1199698ddcfe83ee502559fe4666e39f7a63d84c2de,true,elad9219/searchengine:001
tinyurl003,true,true,8241a2772c9fcf3ee7b9582f16b349e8e46f5244050763cdd125bc0ca2c9ced9,true,dsisback/tinyurl:003
todo-list,true,true,e68dba5d545960625f7a6f55ffcad11ef3f83563227be9fe8f6ad974ede02b9b,true,noam597/mytodos:todo
vadim-chatbot,true,true,57a646d8cf7b39dab69f6f87a090b28b481aa8e5a07b8747170585203727cfcb,true,vadilat/chatbot:001
test279090,false,false,31101bbec17654315c033e386f98d5db47d993bb035bf41e5db7758569cae4c8,true,calanitmadar/test2:64501
guy-searchengine,true,true,af2a68167bd3f74a97d075aed227b733aeca231b5e6ef2bb3eb1236968894bdf,true,shakshukayahoo/searchengine:guy-001
basicspring-moti,true,true,a726e15e6bf8fef9a00b8742a61e6df04bd9a6da8802612e455f110433d2e37e,true,motia770/basicspring:001
quizgame,true,true,d949fc0db551711a17b204de9bdc33e7a0b7e30205fcd16a2c136b0d9463b381,true,shulajz/quizgame-backend:latest25
chat2,true,true,0690f382a73cf6943aa770b70e906457338d78641f81f4396741622929ec23da,true,nivitzhaky/chatbot:001
michelle-tiny,true,true,86b4792522bf81b5a542ba80ceb2dd9b836d923742f84c821fc16fc1f9524c37,true,michellei/tiny:004
achinoam-chatbot,true,true,e190a71700f511c2545aaa2d501329cad690de9bf85dad1167f188c260e4260a,true,achinoam123/chatbot:001
guy-chatbot,true,true,195b3dda9fa623fede630bbf331c834fdf6e94e8b1730bab9bd9795f4c507f1f,true,shakshukayahoo/chatbot:guy-003
barak-chatbot,false,false,14ca4c739458083a645be93a8f20d5f82edc0ece2c052b9849b3aa052162a529,true,barakoyb/chatbot:001
test212345678,false,false,6d0afe20f697878ba638fd0eb3b26095a9f85ac2a4db39684c50fb71e0fa5a21,true,calanitmadar/test2:132208
demo34020,false,false,306c62c84a73fb2e755fff26902794aff3645ed4164a8e24f8007174c0698b4a,true,calanitmadar/demo:796012
tracker-realestate,true,true,3646725ce6c675b0beb416073ee3e6c3d4dc7f3cd24793fc647c6e6614e745cb,true,1122335588/budget-tracker-app:latest
tinybar3,true,true,487bd845cb3ef1d112e4b86c6627b71a1cb4955745867086664f817a2491e82d,true,nivitzhaky/tinyurl:bar-010
testest,true,true,cb27b377a400f7a33e432a5bb97b2a6847906aeea6714176e7bdd9fb37fbb7ca,true,node:latest
sara-basicspring,false,false,b8f8a50671fc2856b46a7df8f17bccdd632e9b654a5074fbb2c6895c8e6dc73a,true,saracohen1/basic-spring:002
lilach-chatbot,true,true,c6d82cd1e32a6ee5245234bc2ada8497a2da40d86da474c753569094b7069084,true,lilachherzog/chatbot:001
paradisevacations,true,true,b52b12b72b941bb3fab1e00ce025566100e458a18f825e9357878bb2dab5ae97,true,niv1999/vacations-flask-image:1.0
reshex-tinyurl,true,true,438ad1307b394ef7bd7c0351da6f175846b326988599858b60b09a883cee8dd7,true,barzx45/tinyurl:bar-010
test-avi,true,true,481ee7c40273315dbfea76bebe71793c5d042bb2852f7e54b3d63536eeb6c7d5,false,avilinko/receipt-scanner:001
studentsManagement,true,true,437a67b280b3290630803abdb344daa52de8d07a9fe19057f275e202d6a806bd,true,danasror/backend:latest
socialmedia,true,true,045673f123e7dd06d1c5921ef42df631c1e8ce9242cae066fea025e6ff749a22,true,lidormoryosef/socialmedia:001
telegram-bot,false,false,78e13415c5635418e59e3a1e31a387f042ea8e659e7ae06dcfca519daa168f9f,true,bivas26/telegrambotservice
moti-basic-flask,true,true,8b9944242968cefcebd93e92649189a0eecde33fd7ace88b0d457839a8b47241,true,motia770/flask-moti:001
accesscontrolfacerecog,true,true,74b7b5d9dd8b77c424652eaeaf81e4bab273aa215804a03de4dbfbf7c9eb667d,true,serengil/deepface:latest
amit-chatbot,true,true,26f4c0e3ffa6e31ecf6c454be4fafae9bc289ed8a4f502f42cbb5fccb3812c9d,true,amithen/chatbot:latest
yarin-chatbot,true,true,58dbfd38cb0934186e2540893f7b76f04e4929579e2ee9c05dba29fc21fbf7f1,true,yarindev/chatbot:004
eli-searchengine,true,true,ed77183c3f376cad05f1bbcd0c6bc8fe08cd77532a889a04cf886a69efb4300e,true,elip94/eli-searchengine:eli-001
ofek-basic,true,true,2f4704b4830e8b8f695b7b5f19ca0daeaeffd26496ded4b02e8c348518b09f47,true,ofeksag/basic:001
linkdin-scraper,true,true,1e159986f4634c7dc1d895a30f40bec22cc8ccfbafb491a072f58f7c80587132,true,noams24/linkdin-scraper:004
chatbot-007,true,true,fcd6194c5921ef7749fc5c09ddb8113b7dad146859a2b9058bdb817351bf4640,true,tehilanatan/chatbot:chatbot-007
demo76628,false,false,d461a44d6d5cc44d12927c6b6936625aa8b199800d8276ac1cd4ef6cd70b5e4d,true,calanitmadar/demo:130339
elidor-logintask,true,true,88a86ab9febab12ea9c7645ea9fb70087346b2fd89322fe07aea1867c53c320c,true,elidorcohen/login:002
searchengine-moti,true,true,fc570d7970ae4ae52cbcf74e358721ccdddae7e3ccb286f19a85b2e2e5a70764,true,motia770/searchengine:002
test,true,true,a04e4bdbc9437463937476299ab14aec4fa58ef8bce911fc27e9091c7cbe8d56,true,calanitmadar/test
chat-ai-db,true,true,548b69332f448112163b389517db3643d5f3a065b42fdbd540e3c5a030f1c1c8,true,itay1e/back-end-ai:09
roee-tinyurl,true,true,1d98d19acf9bc91fc9ed946db430f62e9d602f4d8594f5f181a154e1b95d89c1,true,roeetal979/tinyurl:2
tinyurl2,true,true,caca782da963a84517be9c997c49ff3d2e4ff5b0eaff8bd01ae5888140f02c16,true,benohayon/tinyurl:1.0.2
andreym-tinyurl,true,true,fba694ace5ababd5dce6bdf46242a074017f0b2f6debbae712d1f8798e41d22b,true,andrey2109/tinyurl:001
ilanv-searchengine,true,true,6251e4778525e30477445e95c627748ba9e7272deb9a0ade08ae40d697f32068,true,ilanv145/searchengine:001
demo16162,false,false,4be39964944fb61d45fa8208573089cf067d52c0689b3a19d035f588e064d4ed,true,calanitmadar/demo:238889
eli-chatbot,true,true,dfbd56d62e71f57dd92bb6454628d54b70408066fa4539a0efa3f7a9502ac7dd,true,elip94/eli-chatbot:eli-001
Harel-basicspring,true,true,2c1e4fb5bc21de8e238c2f1b4f796988effbaa028fc19a5c4915e5c47f27fd9d,true,harel1112361/basicspring:001
nnn,true,true,5c297a3221851f9a8dd476074887621583b1c0c8cb63c97cd1993c7f311d08e0,true,nivitzhaky/chatbot:001
testt,false,false,c7ba3c2fe5560e3cde6ae293127e8e8f24178b5aaace73adf1949e72754a995d,true,calanitmadar/test2
efratperetz-chatbot,true,true,84f8ca755ecd0cb3da83713e7ad4b0c06f63b8ca8d557239b93d522d4c4770cf,true,efratperetz/chatbot:001
node.js,true,true,7fb5e8b12e623f12dfbdc895059cc774dfbaf9e39bb9625896691966a941058d,true,node
aviv-gpt,true,true,f07da4f881580156e04edc4e81aa9706ec0014d512057376184c707883ef1951,true,nachmiasx/flask_app:001
efratperetz-searchengine,true,true,1cae92cad8946f1d83fcb26725948dc12770cbc7aa5de56c716348caf98367a0,true,efratperetz/searchengine:001
demo3868,false,false,040e13dd03b6c82c7693cb0108762cf892fc80029cb3148c71783173f73ac2a2,true,calanitmadar/demo:666848
moti-basic-flask--,true,true,857defd4dbfa57581ffa39f419671afb4ea626bda23d73ebd4f9590ba3068d00,true,motia770/flask-moti:002
spring-boot,true,true,f6beeed764845048afaa11fe57aa4dc624b6c025275a06e078189bb6e1f9d0a0,false,alonspivack1/my-spring-boot-app:v1.0
text-trivia,true,true,5ced63cf0c5b8fd2bec23c7ac60afcc69cd3cb7365b4099d4e98ff84afc9d779,true,larrykoontz/text-trivia:003
dvirh-spring,false,false,870034b0d783ad6351578e42ac40355eea0c6aaee167b2eb238b22fdcea3b6eb,true,nivitzhaky/basic-spring:niv-1002
ben-chatbot,true,true,8683e684fd61eeb9a024ab91a3162d317f050e5c3e32a616f01e875c5c7e1ae7,true,benohayon/chatbot
gali-sentiment,false,false,91554be890a6c7ea260d7de2bcc2e46a2665bc7b33ff95462e3a38567074cd1b,true,gallli/sentiment:001
test-scrapper38,true,true,503a06842fb1c369c3fb29fb63ebcb7b8e05775a0ebe1f3a910d42b044a61816,true,nivitzhaky/chatbot:002
sentimentmishel,true,true,d958dd5544af51492cf060d53c729c840734ca23552fed8016f44a7fd68f0d90,true,mishel5153/sentiment:001
j-redis,true,true,caf8d507b3e99412ce37e318b492bd411f52ec9199ea237fd012e120eb28e96e,true,redis:alpine3.21
idok-searchengine,true,true,f7a6cd4d6f59e009569c38df31a2d7efc7fa88c5481b4ca91a4e46fa97d04ca5,true,idokr/searchengine:001
demo95032,false,false,e5a9e693768d280fa7795ce67dd14b3b08ff6116bac428df703709f4f26a8a29,true,calanitmadar/demo:221785
demo95395,false,false,1ebd24999478d6c6f4bed839612edeb042a35cbf9570826c24a8cb1cbd95d08f,true,calanitmadar/demo:287553
test206,false,false,5fe712867a78ecb325660cbbeaf64ae5ff21a027e1f27032c0c417be7f24bbd5,true,calanitmadar/test2:456520
demo55944,false,false,6c99b64e0edd0bcb176b112a4d34b405dff63e2cd322c71bc792f58e70ead10d,true,calanitmadar/demo:475854
welcome-with-ui,true,true,036894bc4a66080098c4a5f010257e4a1a73626ac0d8661f08a08f9427d1dcf5,true,213123213123213123/welcome-to-docker:1.0.0
test204,false,false,a6e624fa8e5319247f0feaa9cdcff99c9fa5c9a3205a8977686aaf8ed59497cc,true,calanitmadar/test2:622343
test202,true,true,33bd8d0ff89d47161c7e140f990c502909655840be9c24388b722561b6ba6100,true,calanitmadar/test2:132208
test203,false,false,31146aacd3f5b557e61a0b9594b959e1fc3ad1dbba49253ecb4b1775e5752d90,true,calanitmadar/test2:132208
test201,false,false,5891a654e01e20a6b6d1e269bf6938f67edd04fcbe8d78f12b33ab11a88042f8,true,calanitmadar/test2:132208
forter,true,true,3eedf57aee32e27c5269f0b83556b3afb4acd3b827c7741b9a9d7fd5eaaee451,true,yoni770/forter:001
idok-tinyurl,true,true,d1eef5617322b291bb034e591cb4c76fa4211351291c82825e2b2d44728588ef,true,idokr/tinyurl:001
ben-searchengine-1,true,true,8c9d8fb74240bbc12f3e1dc0b72d55ac0034de9169201fe9eebb2732c29ef0f9,true,benohayon/searchengine:1.0.2
recipesuggestor-bot,true,true,76d2bd0649e05a95c13a559872000ee7fe05502b85152469602b2b4019b55593,false,danielshapi4a/recipesuggestor:002
bars-basicspring,true,true,6e8ecdf965cdeb98f4e65ab1bae1f1390157506a79fa485598b0aa65753d544d,true,barschtalman/basic-spring:bar-0002
demo26291,false,false,d99df6423489e108a430417dbf1dc5ced5838edd321ee6e05c0b4874a9e224f7,true,calanitmadar/demo:484577
lirov-chatbot,true,true,0a4026a47d43bfd062deab81d17b36fa4c0b3e7b27f1ab379e895ef8d85a9f6e,true,liro/chatbot:02
starbucks,true,true,75a30b59e60c52a68bc89984fad96e810f1eea6da8323dd145bdefe608d3b3da,true,barharush9/starbucks:001
tmoshel-tinyurl,true,true,37c52235af69b4c061efc33c9cb656000aeeab2698cc920c02bfa19610a88157,true,tmoshel/tinyurl:001
schooldudasystem,true,true,7043189f01f96d891615c6ffc1e05aee2e72127eea1a5f3b1aa0c787c5bcb1b7,true,yoni99/hometest-app:0010
bussiness-app,true,true,d1ea96de27a2857e2ed851b61074451be8af5feea24727e1d2c2b1ee27be8da5,true,efratperetz/bussiness-app:001
eduard-chatbot,false,false,1aaaec7f7d837d0f7bbd96725c1008ef2ef9d64aa679a35017cd510608aaca8d,true,eduard08/chat-bot:001
talentplease-tablesapi,true,true,a40ce6a0ae0a7ece680b9056c6e5952588a9964221f0875524e04e521d68838b,true,harel1112361/tables_api:001
test272027,false,false,8b1d274dff3e366f434b19f57d05304ec009cb3516740993e7dd72ec6413886a,true,calanitmadar/test2:447829
yaring-quiz,true,true,0a120eecbc1db69461f321339342d9999a5da7bbcb1b6ab7cc078417fee5933b,true,yarindev/quiz:003
eran-chatbot,false,false,8b982df94095791cf3f4127135dadf21de66d379ccfb09a233bb9f77d9d4cf6c,true,gavri2000/chatbot:eran-001
gali-tinyurl,false,false,f7949b1d7c3eedc7c981f4e8c9646709d5f0e3b8c54fdc1debbdad1746ec56ee,true,gallli/tinyurl:001
demo80338,false,false,4123059530cd96bf0758a7985f70fa2c28fe9fcc31a1d24b941f9caa7f980964,true,calanitmadar/demo:327597
gal-searchengine,true,true,b029d5d8f23b579a1499b9e7c6ccef7f6a3ff2386e15f14a48f5e24cb238fc7d,true,gallevy94/searchengine:001
yardent-basic-spring,true,true,0f5720caa3f6bf1cd51c1b3c65added5920f82e9240e727d9417fe03e757e608,true,yardentamir/basic-spring:1001
idok-basicspring,true,true,8a9b22107f18b26c09ab0e6bf2fe6019092c7c26651a1964619f244abc43ce9c,true,idokr/basic-spring:001
vmfc-api-run,true,true,3728ba427ae7cb6a1dd0cdf4c8d51e199e2f2339fa5419b018f8ac522f438915,true,ronitzhak/vmfc-api
arielb-basic-spring,true,true,51df809b171b74395471a1a1a5f688b62ed9ff13a5d43442efe67836b4a85dad,true,arielbengayev/basic:002
searchengine-knir,true,true,96cca60b044b35ee468c6fa646b9a66a6ed6e3da232c91a0f6f01acc48a6168a,true,knir44/search_engine:0011
tehilanatan-basic-spring,true,true,c8768f4e6ccff8dce0e15f1c4989ecfa1fd1b25baaed5d56806ad00642e028d8,true,tehilanatan/basic-spring:tehila-001
kofsfle,true,true,c99a49c9b1cdb1798c86816ef739cc1217dc3c82afc59d649040ed15b1d1247a,true,nivitzhaky/basic-spring:bar-005
hhkjhh,true,true,a2ac7fcb73ff9aff7b26080ab53bba41bb73139270b1b86b9ca53a6b150f56a2,true,nivitzhaky/chatbot:001
schoolsystem,true,true,d5066ff5fabe238e4936601b0a85e4c8c1abf9210609aec9e5ac9a814d697774,true,yoni99/hometest-app:002
shopping-receipt,true,true,e76dfc5d85e8f45703ac86c203cb5c5db1f1ae11140ca127c1b546a42e5d21a8,true,refaell/shoping-receipt
triel,false,false,31a5fb51a6e5353386ff39ec472705befc842b1a10ec6bb846c184fb0fae6dc9,true,confluentinc/cp-zookeeper:latest
NotesAppDocker,false,false,aa75040b5ff62374325b94b7024fce19a387b4d5ae2c48194ae394b421045ac7,true,ronnakash/notesappserver:notesapp
test-scrapper11,true,true,3d218debcc1b7be2d6837f30e08c4debe82ee864cbcf1ad7cbef3e8528fd2034,true,natanger97/web-scraping-chatbot:001
basic-spring-v2,true,true,fe9cfbd525bf982391d8aa4c6cc20df3d67ebc49caa06571af633df0a87d10c4,true,kabhamo/basic-spring-v2:v-001
vidtube,true,true,8fa85de2a2f1e89eea9421993499bd4e3a856bfe941a5caa94045b23073e74e2,false,ocdev1/vidtube-server
chatbot3,true,true,0f5eca10246813def9f94093f0294094070f20952f1c7b646aa46c42abccd481,true,lidormalich/scraping-chatbot:newsScaper-003
tinyurlmishelbentsur,true,true,c683f1063de9a183e81ed28f7ff310f7d5a298b9875555b173fd4279b2ceb9c1,true,mishel5153/tinyurl:001
nirk-tinyurl,true,true,373caaf8e6e7ba49ec1492b7502c3ef871636cf9681eb4076d1dd3396b7cf7dd,true,knir44/tiny_url:001
noamha-chatbot1,true,true,44763de21efaad589496a3079366b38519a1971b1cbcae20a2275b88864bda18,true,noam597/chatbot1:002
dashboard,true,true,36d3a4e27dc2c7e7f50bdbdf99dfbee7fa393557ba7358f33d6a247705f41d86,true,ronitzhak/syte
identifier,true,true,fe024f427cb0706af372837af2f9b109ba928ebb3ebec49e6f7c6d4063d54bfd,true,gilshechter/identifier:004
student-information-managment,true,true,d9d28390774e317024a8096597c3b1807e2ddffce051c0d27e1a4d884cc92e51,true,nachmiasx/student-information-management:003
eli-basic-spring,true,true,9bd6756ca5e77373ac3e68829b966ae21cb0ffa2fcf411d457004a88a0a637e5,true,elip94/basic-spring:eli-003
matanswisa01-basic-spring,true,true,e6affea96e794634ba08f14fc47c1019f7f2f509f05d9ad4677b9163a8817e56,true,matanswisa01/basic-spring:0.2
test21234,false,false,95c7b08521c30eacc5f1f22a3757feb788d1511679f815a40c3423cfa91538d8,true,calanitmadar/test2
test28548,false,false,1e172b9bf1d668b1412db7f1af719d8906d2cf588749bd23aa8661bee3dafbe9,true,calanitmadar/test2:685019
tmoshel-basic,true,true,f85797b830adab3d4c12878326d62bb07a192219d5457269b25803d1b33ddd8a,true,tmoshel/basic:001
jobinterviewai,true,true,a5ebd82910dc83aeae3756ce43859d663e3ba5cc73519db7457602080f26e57e,true,niv1999/job-interview-image:1.0
smartcalendar,true,true,8bbb92d80bd3374c06488272849b64c012fb8732501599673d73d04242da610f,true,hodorroni/smartcalendar:001
leadsapp,true,true,c90a8ca62d120a1e9a7c0e639b944acc55b1b6af49f9b17294a18ce9fb9370d4,true,cshani1984/leadsapp:v1.1
miryam-tinyurl,true,true,eb0a2350010f9434ac76f03d1d4bf4dcf61d5021f7fc9860a1a359754c3e63c7,true,miryamshooter/tiny-url:002
demo38484,false,false,f1477231663d885d03eded0502fbd768dbd07e8f69d0cecb0bf8c0927b7aa663,true,calanitmadar/demo:802424
netanelw-basicspring2,true,true,7d07ba81ff95e3960b2a872b2baea2ee2d4f190ab952335839e8b001aba40d2d,true,netanelwallach/basic-spring:netanel-002
newsai,false,true,db9e72387bb9239ad54b25c1417186a6b61b9858dcfb4e9ac6c50283c379bcf2,true,davidohhana/newsai_gateway:latest
test0,false,false,5739018cdbadb9fb7f75631a2b17a68ee8e93b812933e7aac2a57459db73e055,true,calanitmadar/test0
test1,true,true,f60c36ac3b266fa8031d3c4f00cb5cd6a3428ad13f742b22697a896786af4a2c,true,calanitmadar/test
lilach-tinyurl,true,true,2d93178a345fa0510f4529d9d6f993a0d18882baf3f53475453840e84137dea0,true,lilachherzog/tinyurl:006
kffk,true,true,2962f747abc73491c4fe3faa8dea6b7267f6c6b2c8d4c20a566a046ed07ae8cd,true,natanger97/web-scraping-chatbot:001
asafb-chatbot-002-003,true,true,6ef31ffbcf21fd6264f7d41ddaa1ba196c83827227ad47612d4f081909140df6,true,asafbs/chatbot-002:003
omer-basic,true,true,62c267100a09bc8752748d1dd5b69e3ae0240732992507443db22dfba3689a88,true,omery500/basic:001
dudaschoolproject,true,true,9fea9f1b07ce32dbeb780a9b2b3d8dbd5539816844a097c01990d9d6eda0e3ea,true,yoni99/hometest-app:0040
andreym-basicspring,true,true,0da989f58b0791ae18c4fccf884afd850e9d8db7c9b32351e4180fd767e6a12e,true,andrey2109/basicspring:001
test-app-natan,true,true,d326db18c4e1d5c373b98101e5ede457f6e875147213874d35c4265c343291a8,true,natanger97/test-app.v1.3
bars-sentiment,true,true,1742ab8d279689c7ddbf2d3bf0d239b6585210cc5a8aa5b66402e6a651df336a,true,barschtalman/sentiment:0002
avinatan,true,true,0cb7183490748f66e86a9e2aedb69dbdb97910139123bf4a5d1c8d99f991b7cf,false,avilinko/securitymd:002
real-estate-tracker,true,true,fa702d4175d20edd92963a854bcccffa822fde526bdff09cf067091ebaf9628e,true,1122335588/budget-tracker-app
demo62166,false,false,bc907aa34411d66b169bce37542f19bd239bb2018db0188debfc01b406534c2b,true,calanitmadar/demo:684730
demo6104,false,false,bafedf4e5499e262cb6520afbac114d7b283902bc04493dfd6b05236bdffcc3f,true,calanitmadar/demo:487622
demo58344,false,false,f88e090014214a0d55ca4d412dfddc68072afd523fc13abdda6bde9fc30e42e4,true,calanitmadar/demo:415741
scraping-service,true,true,890558beaa6f65578c3ed61acf6c3efacd23706276344559d8da4d6d110bdf22,true,robodavli/scraping-service:1.0.0
ilanv145-basic,true,true,69615d11ad7f8186ec3797cd45b240aeb6f636410d4db63973456446f18661b6,true,ilanv145/basic:001
amit-tiny,true,true,d29aeb527ba6299f956728efbae9ae3b278fa85bb5a70b913bd24eb2ee6f4ab4,true,amithen/tinyurl:002
nirsh-tinyurl,true,true,ff30f5bd524c9a25d38609bb9a33abc7f078167eb9fb926e0a5b1bfee9c1620c,true,nirshaulian/tinyurl:004
achinoam1-basuc,true,true,36055aa98115a9ffde4fefab1df7d07534beae58d504a88720b357c63c1ac850,true,achinoam123/basic-spring:achinoam-001
achinoam-basic,true,true,d74147829d4444a156fa3e41cc60866d899b2c7256622dec97750600c4f9d4e5,true,achinoam123/basic-spring:achinoam-001
asaf-tinyurl-001,true,true,a66dbfb9bb555fc4cd4b2ca661e22b68f672d600705d9e9337621fdd7a6ced8d,true,asafbs/tinyurl:004
test2,false,false,7a755aeef27964115191dc6d80147247084386dbf683385533ded52b13e535f1,true,calanitmadar/test2
names,true,true,af1cd120647aeb3b6d4ba49e838729264c6b27c9613e713f69990d3230a96b95,true,ronitzhak/names-api
sportsappchatbot,true,true,67f9b9b0368d6778759141edea2d2a7a85f842e5d880da2426eb5807ecdd5f28,true,andrey2109/sportsbot:003
roee-tinyurl1,true,true,9f3cfbad381d8262a86cd8cc4a531449f18c2c77a6fada7d18af51fffa07e62b,true,roeetal979/tiny:1
chat,false,false,7ef349a637e89767b0bfe46eb991ff985ae1ac43861e15e3476c0784831b4b0d,true,nivitzhaky/chatbot:001
efratperetz-tinyurl1,true,true,16f53a20e9c9532b136f46ce239d928dd682a69114b0ecd2f01c1076d3539f68,true,efratperetz/tinyurl:005
trivia-game-ai,true,true,e0c22a93c0d2eb0d5a933ef62583c95e35116c323787fcb0f4d9f0908d795771,false,lidormoryosef/trivgame:012
niv-todo,true,true,d5026c620f6270899436aedcaa4ab2d98846579ed8a4c6089d4714fef427c71a,true,noam597/mytodos:todo
reshex-basicspring,true,true,ebb7b2f3a7ee127fc671e3ed14911adc228ba40f4dfb438e932f1d7cef1d7819,true,barzx45/basicspring:bar-007
testing-1,true,true,2eb6f8470e2857a3d55b31b0d509f08b9f7990d0e1cf35712c50f660f7cd6275,true,natanger97/web-scraping-chatbot:001
imdb-chatbot,true,true,dde66e3d51c8f21ba5b5aa5a10c126d00add5f2dbb12e2ade644d25c99d74597,true,roeishc/imdb-chatbot:roei-001
flight-simulator-code-interpreter,true,true,9d31435456f2f6b734dc17672e411e75e8c04ee7c947ccc513de4f1a435387b6,true,dudivaichledere/flight_simulator_code_interpreter
testing-2,true,true,fa628cd52a90d7a6f5965924c3d57edc1c5f87bcdfc54f1a192fe748ae74bfc6,true,nivitzhaky/chatbot:002
tinyurl-003,true,true,bf422d2010f90c4bc168c470074c06629a37063a3264090ff97e14815cb5208c,true,tehilanatan/tinyurl:tinyurl-003
warehouse-management-order,true,true,47b4cdc2706a220a91cd105cedb036cf6693aef9d481f7a27dbe9da27871f523,true,raanan7784/warehouse-order-processing:v1.0.1
runmydocker-back,false,false,386fa49c5434be69c117f18ebbedde9d14f64ff61c347500b4ee08ef58bee9b9,true,calanitmadar/runmydocker-back
demo87917,false,false,43e8d99f48dee5ed087f1f18019b2e2937ba756deee1d60d516ba3b01af3f3ae,true,calanitmadar/demo:891356
net-spring,true,true,d6f09a13a6320cf14922142711c5c1cea21963b37271fe3cc43fc547d448ebad,true,netanelwallach/basic-spring:netanel-002
guidde-deploy,true,true,a5fccae180739c86a32977882739c9b0076fec4f00d63c4f98b355b652262836,true,eduard08/basic-spring:eduard-001
nivniv,true,true,29c5af62596784f6dc3894d1269a88162528307368012ec9528046c0e92d9672,true,nivitzhaky/chatbot:001
pl-racism,false,false,76c3b6ab768323698ccfac2634a7dc2d84e01c4921e7ced3cd275502b275bd58,true,noamhandelman/pl-racism-analysis
brachalink,false,false,27231e88f37a5387ad9fd78304149bff29f6e0bd49168460f42b7eb10e396686,true,brachalink/basic-spring:bl-001
gali-searchengine,false,false,283d0b7d608ef91b9c38f86d21f8cf1cba3623ac69c7788454fdb73f756641ec,true,gallli/searchengine:001
apache-analytics,true,true,efe7551d79b23450fc1481ede9f2fbb0d0d7bb88def17b409b41db63a30b00b2,true,michellei/apache-analytics:002
demo68033,false,false,133108bfa7deccfc568fc9ff62cfc4e23248ca4cd1c346f0c66e1ccc31607546,true,calanitmadar/demo:460687
aviv-gpt2,true,true,6a84b9f0b006d8c38e8e65895a3a8b6f14d2fe738fac3f9235e32c03359200d7,true,nachmiasx/flask_app:002
trip-planner,true,true,a1ea4b2e0c2cbea8f170a9ddd382781ff7f7cc73f716c5fb5978112fc7317d01,true,gallevy94/trip-planner:10
MohamedSearchEngineV2,true,true,42e0f9037809dc7b3aeca6ae54ead24593abc596845755f7749da0b934951f45,true,kabhamo/search-engine:v-002
demo92015,false,false,1eae7b0b523ea9481471a5ceb2aff8c5f23d436a0f83db11b628008226e1468a,true,calanitmadar/demo:809182
gali-chatbot,true,true,4229e7486be7e03a99547178b07195918a1c283bd2f96cc0fdb942d702dcd34e,true,gallli/chatbot:001
tmoshel-chatbot,true,true,40daa9d3e6e0eccad2a68d07b0add6349fbfd41ea0438d89b1cbba82b4df31e2,true,tmoshel/chatbot:001
ariel-chatbot,true,true,f05921c9a9218e6df09ad474251919d180b6d9f49031742e9570bbbedab77f21,true,arielbengayev/chatbot:001
tinyurl,false,false,702df6c2abc4202d72eaf8dfd31586c7215d34927c1d86b8c8994779c91e37b0,true,gavri2000/tinyurl:eran-001
demo953,false,false,80f5d95645b7c75f98714b274261eb23c6873b11dcfd62f06dacdd2ec7e0d6df,true,calanitmadar/demo:507730
Harel-tinyurl,true,true,149e5027747b02d64defa994ab1ca6e2a8975ccd8b0e2ca9174118209529b18d,true,harel1112361/tinyurl:001
natan-guidde,true,true,da64689e39bd20f35eaa07571862e29237974c8fffca78fa6374d34ae54e57b3,true,natanger97/node-docker-test-app:v1.10
michelle-basicSpring,true,true,c6582b908e9d5e05977caf05c3d0c23ac39630748c606da2a38438d77717ac8f,true,michellei/basic-spring:001
test220246,false,false,48e3b272b5924878c314572c66f1c3ac15d973d7bcb98342e93be9030d52fd4b,true,calanitmadar/test2:730696
sentiment,true,true,f4169ee09e606afdc54170fcf856ead1a2210eda137c3762aac5c8ea83add3a8,true,elip94/eli-sentiment:eli-002
nirk-chatbot,true,true,9e33694ecf4d902aae838b6fc7fc3fd59815a0011844ec5fb466f26365c3d460,true,knir44/nirk-chatbot:1002
cheap-trips,true,true,3f33ce8f6f3f48af26f309d91c3c8a3ad952bb94ff92f0dcadda201fc29dbcbb,true,orenukistudy/cheaptrips:025
reshex-chatbot,true,true,d6495c3528021ec05a1c5888215d95f9fdb717e8daf1ebacd09d40b83b85d71c,true,barzx45/chatbot:bar-002
test2123,false,false,05e68f147ad931d1ac1468738251dea94320318ba759b14145b512cc4117fe49,true,calanitmadar/test2
gil-chatbot,true,true,48ccc467961dabf4ebc9e2d47c71c6c9a00eec86edab2ae03e0551481ddd8373,true,gilshechter/chatbot:001
bar-chatbot,true,true,f7f00b35b022abf15439b32ae4036051fd757e6689361a9c5a870cd4c918d6f7,true,barschtalman/chatbot:001
tedfkdsd,true,true,47bd582004660d13c09b8fa7096dacdce383635ab6c7a12825489506c37b5d46,true,natanger97/web-scraping-chatbot:001
roni-chatbot,true,true,179e99ee7d13cf01d041c1138ef235fe2e384f7451c54ed8d86963a7c105eb51,true,hodorroni/chatbot:001
ticketbot-012,true,true,92858d5572bde09b53c62c51430680129be43f306257586cea01a5fa1e0041a7,true,asafbs/ticketbot:012
ModernBackend,false,false,87fa9d0738e6571cbba437a78246989d581dcd88e5edb413b9874cf07018ec07,true,elhanani/backend
yardena-chatbot,true,true,e729324321a9139a664fee1da28ae15e56eb8be812a03aef181d17d77ff7e7dd,true,yardenaharon/chatbot:001
demo54454,false,false,15edaaa958c23397e5dc0b60460773e40e70502fee23ae9309b4905eb5e794ec,true,calanitmadar/demo:202031
yaakovg-basic-spring,true,true,91e13e28c759f01fdfb1c1368a884a78e16a3386d3ccfaeb06aca298a3f2085b,true,yaakovg414/basic:001
noaa-tinyurl,false,false,7e49fc7c20b316d02dd2c32bc487c1ab92db708e3877b7db6fc6458b2e2db666,true,noaa13092/tinyurl:001
test250081,false,false,dfc8e0251b43cafe47a97a0d05cc74851730159935bcc47aba823897fe22e22d,true,calanitmadar/test2:252206
backend,true,true,22b02dc8bdb86fa461fce353e195bcb0a7d4d80a6b30c49704ce51aa0d0cfa17,true,israelnatnov/myapi
students-server,true,true,1e864d333f1c661be5035c70528a6a011c8a4f72c3ef55e407f7eb23c1628c0d,true,benohayon/basic-spring:1001
tinyurlnew,true,true,eb5e04ea8fa8c4d7ac65a909a24e25ca11a93277b7ffeff13ee5c82d10d942ca,true,yardenaharon/tinyurl:001
java-docker,false,false,ff31b3a2fd53db749844ec596cb56cadd89d77a39de982ef8356737f9e0cd3df,true,calanitmadar/java-docker
idok-chatbotapp,true,true,cee92350f1a0415c5491f992b13c1363e526d7db1573acc7b2c678ebae47bab1,true,idokr/chatbotapp:001
danir-chatbot,true,true,fcb853b0caf30f06141cb89157f867659d106631b0d7b6000c06739bebf28c75,true,danielra303/chatbot:001
bars-searchengine,true,true,f16d279b696a3bf7ff6eae66f8cd8fb683d5815c3e373adf429a8674427cc72d,true,barschtalman/searchengine:0001
basic-spring-eldad,true,true,cecd690f0c46a79946c03d644187b78aea5931829d6e8f2279af523f45273b8d,true,dockereldad/basic-spring:eldad-001
nivv2,true,true,11208e60a8ffd938050905222b1f09c6e116b1b768afcba6736fa0f721df49f6,false,avilinko/receipt-scanner:002
roei-tinyurl,true,true,7b576eec4d9d0db1974983178f2032d19743c0410eeac1fb51bff45235e27c17,true,roeishc/tinyurl:roei-006
yarden-chatbot,true,true,e0c6eae491f09b6e3386b454f52242d2b33f88fc54a9097fce20a10980448ebf,true,yardentamir/yardent-chatbot:001
nitsnats-tinyurl,false,false,1b5fed3dbb53688179de432c146ae336a6760c854556812425c9e37bcd810f81,true,nitsnats/tinyurl:003
tatiana-chatbot,false,false,1a5751b8362241fd110feb1c22e7769480778e8488d6b05016142e4025c351c7,true,tatianabialik/chatbot:001
bussiness,true,true,72bce61222f1dcd1b465dcc5da830778d27306099a4327e5a2ea9ae7d2af28c3,true,efratperetz/bussiness-app:001
eladten-tinyurl2,true,true,79b7d2d295b2a04bcfa582133074fb501211766102c4e1a249ab6de1b6bfa05d,true,elad9219/tinyurl2:001
searchmishel,true,true,917be32cab86721d5e176492f4903592e13105de5bb26f9f5fb8d16de2daf991,true,mishel5153/searchengine:001p
test286251,false,false,a1f7e260c6662091ffc3dde0620ed62ab28609c61bcbb59a018a161a3284e55f,true,calanitmadar/test2:279455
andreym-chatbot,true,true,fd0d252b145d1c13575ffb57a39d4fa2731016cd0e725a835fc422bcc8d71d34,true,andrey2109/chatbot:001
fastapi,true,true,5357ddcd687b05fe00d7433da5f8db65409b8f3c596db4878054702feb7fd66c,true,yahavnirr1997/fast-api
test283781,false,false,09ed2a20cf34f37dba329f2999823c0fa46e2e58faab31afc11c18440d650b79,true,calanitmadar/test2:386054
searchengigne102,true,true,7eb2f0c8117824dd3c3f82899a66df3c900420dc7a7baa269afa2c64619e77ed,true,dsisback/searchengine:001
jfjfj,true,true,8f1ae2f886afaa18cfd953549015e558180fb37619ccbbcf331371aa5500329f,true,natanger97/natan-tinyurl:002
ask-ai,true,true,63cf1eb1be65ac5d600d18468d2a51f61419c5e71b1d5e2d96a68262029d0ebd,true,bar6132/ask_ai
guidde-demo-1,true,true,d6153fa24e2ab17a3d29f85f6a26aedeef220437d6576f4493fb5f8c0083b778,true,natanger97/web-scraping-chatbot:001
michelle-student-manage,true,true,4f58e674ed133f4eea8746aedf7235393418c221fb86a6d4551e0ddc2816856b,true,michellei/student-manage:001
