[
  {
    "id": "38710e0e-9a93-4951-b868-551a25f92827",
    "app_name": "sentiment",
    "docker_image": "elip94/eli-sentiment:eli-002",
    "mapping_port": 8080,
    "username": "eliparser@gmail.com",
    "is_migrated": false,
    "failure_reason": null
  },
  {
    "id": "e3c00db9-551c-4746-86a0-9bfafc2328b8",
    "app_name": "chatbot",
    "docker_image": "brachalink/chatbot:1001",
    "mapping_port": 8080,
    "username": "brachi1770@gmail.com",
    "is_migrated": false,
    "failure_reason": null
  },
  {
    "id": "ed4dafa5-0f35-439f-b7ff-c6e41215f69f",
    "app_name": "tiny",
    "docker_image": "brachalink/tinyurl:1002",
    "mapping_port": 8080,
    "username": "brachi1770@gmail.com",
    "is_migrated": false,
    "failure_reason": null
  },
  {
    "id": "4144e022-3702-4cb5-94b7-8a9b3362a200",
    "app_name": "calanittest1",
    "docker_image": "nivitzhaky/chatbot:001",
    "mapping_port": 8081,
    "username": "global@gmail.com",
    "is_migrated": false,
    "failure_reason": null
  },
  {
    "id": "b2fc4232-5853-4841-9bd3-a186eef0c133",
    "app_name": "NotesAppDocker",
    "docker_image": "ronnakash/notesappserver:notesapp",
    "mapping_port": 5000,
    "username": "ronnakash@gmail.com",
    "is_migrated": false,
    "failure_reason": null
  },
  {
    "id": "269e16e7-5771-4181-8f17-c4c9957a9d62",
    "app_name": "edenr-chatbot",
    "docker_image": "edenrubinez/chatbot:002",
    "mapping_port": 8080,
    "username": "edenrubinez@gmail.com",
    "is_migrated": false,
    "failure_reason": null
  },
  {
    "id": "96b74e09-11f9-4439-993c-aba4c36507cc",
    "app_name": "tehilanatan-basic-spring",
    "docker_image": "tehilanatan/basic-spring:tehila-001",
    "mapping_port": 8080,
    "username": "tehila.natan1@gmail.com",
    "is_migrated": false,
    "failure_reason": null
  },
  {
    "id": "9fb07c19-7a65-4e8a-a4e4-816914385af0",
    "app_name": "moti-basic-flask--",
    "docker_image": "motia770/flask-moti:002",
    "mapping_port": 5000,
    "username": "motialp770@gmail.com",
    "is_migrated": false,
    "failure_reason": null
  },
  {
    "id": "b8cdad85-d5c4-49c3-a054-f046fc1a32ee",
    "app_name": "eladt-searchengine",
    "docker_image": "elad9219/searchengine:001",
    "mapping_port": 8080,
    "username": "elad9219@gmail.com",
    "is_migrated": false,
    "failure_reason": null
  },
  {
    "id": "b881c0e5-8729-4d2c-a0ae-8e0a64dc1416",
    "app_name": "reshex-tinyurl",
    "docker_image": "barzx45/tinyurl:bar-010",
    "mapping_port": 8080,
    "username": "bar7569@gmail.com",
    "is_migrated": false,
    "failure_reason": null
  },
  {
    "id": "0b5b38b4-fb8e-4863-8389-1a861139834e",
    "app_name": "lilach-chatbot",
    "docker_image": "lilachherzog/chatbot:001",
    "mapping_port": 8080,
    "username": "lilach.m.h@gmail.com",
    "is_migrated": false,
    "failure_reason": null
  },
  {
    "id": "d2e0ec29-c0a7-4f9a-bfc4-14fff8f6f3dd",
    "app_name": "demo58344",
    "docker_image": "calanitmadar/demo:415741",
    "mapping_port": 8080,
    "username": "global@gmail.com",
    "is_migrated": false,
    "failure_reason": null
  },
  {
    "id": "1b321308-bf9a-4b57-aac9-cd75e22453a3",
    "app_name": "test260019",
    "docker_image": "calanitmadar/test2:636234",
    "mapping_port": 8080,
    "username": "global@gmail.com",
    "is_migrated": false,
    "failure_reason": null
  },
  {
    "id": "3834c8fe-179d-4bc2-9919-df9672dc84f8",
    "app_name": "nirk-tinyurl",
    "docker_image": "knir44/tiny_url:001",
    "mapping_port": 8080,
    "username": "knir44@gmail.com",
    "is_migrated": false,
    "failure_reason": null
  },
  {
    "id": "a2bc6e3c-e3f8-446c-bf2e-4ad2edb9ea82",
    "app_name": "vadim-chatbot",
    "docker_image": "vadilat/chatbot:001",
    "mapping_port": 8080,
    "username": "vadilat@gmail.com",
    "is_migrated": false,
    "failure_reason": null
  },
  {
    "id": "c9c045e2-a921-429c-a19c-c9b0a086cf4a",
    "app_name": "schoolsystem",
    "docker_image": "yoni99/hometest-app:002",
    "mapping_port": 8080,
    "username": "yoni.itzhaki@gmail.com",
    "is_migrated": false,
    "failure_reason": null
  },
  {
    "id": "de9e9be5-3a33-4cd7-9197-c37fc6e1e8ba",
    "app_name": "eduard-chatbot",
    "docker_image": "eduard08/chat-bot:001",
    "mapping_port": 8080,
    "username": "eduard1.loktev@gmail.com",
    "is_migrated": false,
    "failure_reason": null
  },
  {
    "id": "0f66c0ec-af17-4054-91b1-e31202055020",
    "app_name": "test203",
    "docker_image": "calanitmadar/test2:132208",
    "mapping_port": 8080,
    "username": "global@gmail.com",
    "is_migrated": false,
    "failure_reason": null
  },
  {
    "id": "a7f9bfed-5e07-4ded-b791-32abe1fc7bb9",
    "app_name": "ofek-basic",
    "docker_image": "ofeksag/basic:001",
    "mapping_port": 8080,
    "username": "ofeksagiv@gmail.com",
    "is_migrated": false,
    "failure_reason": null
  },
  {
    "id": "3c5b680b-59a1-48d5-9fcb-a69465b31077",
    "app_name": "ben-chatbot",
    "docker_image": "benohayon/chatbot",
    "mapping_port": 8080,
    "username": "ben1679@gmail.com",
    "is_migrated": false,
    "failure_reason": null
  },
  {
    "id": "8212d58e-9926-45eb-a16f-64855814b965",
    "app_name": "tinyurlnew",
    "docker_image": "yardenaharon/tinyurl:001",
    "mapping_port": 8080,
    "username": "jorden.a17@gmail.com",
    "is_migrated": false,
    "failure_reason": null
  },
  {
    "id": "9dff8c07-2877-43e9-a010-d432a48125d2",
    "app_name": "nirsh-search-engine",
    "docker_image": "nirshaulian/search-engine:001",
    "mapping_port": 8080,
    "username": "nashaulian@gmail.com",
    "is_migrated": false,
    "failure_reason": null
  },
  {
    "id": "06d72632-72d7-4286-8db6-9b0ccbc39f06",
    "app_name": "backend",
    "docker_image": "israelnatnov/myapi",
    "mapping_port": 5000,
    "username": "israeln753951@gmail.com",
    "is_migrated": false,
    "failure_reason": null
  },
  {
    "id": "a0fdfd91-ffad-4d12-a0b8-7f440daf8d34",
    "app_name": "demo6104",
    "docker_image": "calanitmadar/demo:487622",
    "mapping_port": 8080,
    "username": "global@gmail.com",
    "is_migrated": false,
    "failure_reason": null
  },
  {
    "id": "7d5fc684-af7d-4b68-8edd-0b9589cb6a04",
    "app_name": "test279090",
    "docker_image": "calanitmadar/test2:64501",
    "mapping_port": 8080,
    "username": "global@gmail.com",
    "is_migrated": false,
    "failure_reason": null
  },
  {
    "id": "f408c3aa-c0bf-490c-9501-51736eeaa9ff",
    "app_name": "eran-chatbot",
    "docker_image": "gavri2000/chatbot:eran-001",
    "mapping_port": 8080,
    "username": "gavri2000@gmail.com",
    "is_migrated": false,
    "failure_reason": null
  },
  {
    "id": "830a5baf-cb7a-4244-b704-97dc6d97cec2",
    "app_name": "test228274",
    "docker_image": "calanitmadar/test2:203029",
    "mapping_port": 8080,
    "username": "global@gmail.com",
    "is_migrated": false,
    "failure_reason": null
  },
  {
    "id": "966db96b-6be1-4de9-b926-fe2ddf1fd38a",
    "app_name": "calanittest3",
    "docker_image": "calanitmadar/calanittest",
    "mapping_port": 8080,
    "username": "global@gmail.com",
    "is_migrated": false,
    "failure_reason": null
  },
  {
    "id": "b645600d-6af3-4185-afe8-bb785557feac",
    "app_name": "kofsfle",
    "docker_image": "nivitzhaky/basic-spring:bar-005",
    "mapping_port": 8080,
    "username": "bar7569@gmail.com",
    "is_migrated": false,
    "failure_reason": null
  },
  {
    "id": "155094f0-8728-4ee2-8857-e07fd3b1b5cb",
    "app_name": "flight-simulator-code-interpreter",
    "docker_image": "dudivaichledere/flight_simulator_code_interpreter",
    "mapping_port": 8080,
    "username": "dudi.w9453@gmail.com",
    "is_migrated": false,
    "failure_reason": null
  },
  {
    "id": "07c1c1bf-7a56-46d1-8fc4-ed2b15705524",
    "app_name": "test278210",
    "docker_image": "calanitmadar/test2:950387",
    "mapping_port": 8080,
    "username": "global@gmail.com",
    "is_migrated": false,
    "failure_reason": null
  },
  {
    "id": "4135bec7-58df-4589-8c2c-e7fb5a92f3eb",
    "app_name": "yarden-chatbot",
    "docker_image": "yardentamir/yardent-chatbot:001",
    "mapping_port": 8080,
    "username": "yarden44441@gmail.com",
    "is_migrated": false,
    "failure_reason": null
  },
  {
    "id": "758ea175-965c-421b-ab0c-ece31f297235",
    "app_name": "receipt-scanner",
    "docker_image": "avilinko/receiptscanner:006",
    "mapping_port": 5000,
    "username": "av.ka999@gmail.com",
    "is_migrated": false,
    "failure_reason": null
  },
  {
    "id": "cb581145-3d5e-44ac-bd4e-f465af89d2ea",
    "app_name": "tatiana-chatbot",
    "docker_image": "tatianabialik/chatbot:001",
    "mapping_port": 8080,
    "username": "bialik.tat@gmail.com",
    "is_migrated": false,
    "failure_reason": null
  },
  {
    "id": "c145b08a-12c6-4fa7-9a3d-fcde98fde27f",
    "app_name": "reshex-chatbot",
    "docker_image": "barzx45/chatbot:bar-002",
    "mapping_port": 8080,
    "username": "bar7569@gmail.com",
    "is_migrated": false,
    "failure_reason": null
  },
  {
    "id": "b22e6b4a-a3a0-477a-bb03-aa001b032956",
    "app_name": "MohamedSearchEngineV2",
    "docker_image": "kabhamo/search-engine:v-002",
    "mapping_port": 8080,
    "username": "mkabha54@gmail.com",
    "is_migrated": false,
    "failure_reason": null
  },
  {
    "id": "6edcaf71-15bb-4463-b040-5ff1fe2c9967",
    "app_name": "forter",
    "docker_image": "yoni770/forter:001",
    "mapping_port": 80,
    "username": "y.rahman770770@gmail.com",
    "is_migrated": false,
    "failure_reason": null
  },
  {
    "id": "00af391d-b0c3-4552-a352-5e415612afea",
    "app_name": "noamha-chatbot1",
    "docker_image": "noam597/chatbot1:002",
    "mapping_port": 8080,
    "username": "noamharris6@gmail.com",
    "is_migrated": false,
    "failure_reason": null
  },
  {
    "id": "9d2a6fc5-06f5-46d0-ad3d-dfdca7edb6af",
    "app_name": "todo-list",
    "docker_image": "noam597/mytodos:todo",
    "mapping_port": 3000,
    "username": "noamharris6@gmail.com",
    "is_migrated": false,
    "failure_reason": null
  },
  {
    "id": "81037ad8-2fb1-4ad8-b0f8-f60315c169f1",
    "app_name": "andreym-tinyurl",
    "docker_image": "andrey2109/tinyurl:001",
    "mapping_port": 8080,
    "username": "andr2109@gmail.com",
    "is_migrated": false,
    "failure_reason": null
  },
  {
    "id": "df1a29b6-2217-4243-8a80-67afce1232cd",
    "app_name": "bars-basicspring",
    "docker_image": "barschtalman/basic-spring:bar-0002",
    "mapping_port": 8080,
    "username": "barschtalman@gmail.com",
    "is_migrated": false,
    "failure_reason": null
  },
  {
    "id": "d62f5149-7bdc-4d6a-83eb-b52039dcffd5",
    "app_name": "matanswisa01-basic-spring",
    "docker_image": "matanswisa01/basic-spring:0.2",
    "mapping_port": 8080,
    "username": "matanswisa01@gmail.com",
    "is_migrated": false,
    "failure_reason": null
  },
  {
    "id": "62b7f664-d615-4d5d-a73c-00d55491cc1e",
    "app_name": "tedfkdsd",
    "docker_image": "natanger97/web-scraping-chatbot:001",
    "mapping_port": 8080,
    "username": "natan.g@utopia.tech",
    "is_migrated": false,
    "failure_reason": null
  },
  {
    "id": "22c1013c-51e5-4753-bc46-e43264662fed",
    "app_name": "bbb",
    "docker_image": "yoni99/hometest-app:001",
    "mapping_port": 8080,
    "username": "niv.itzhaky@gmail.com",
    "is_migrated": false,
    "failure_reason": null
  },
  {
    "id": "1b5c2d1f-2d80-462b-a395-20d6e3a5198a",
    "app_name": "omer-basic",
    "docker_image": "omery500/basic:001",
    "mapping_port": 8080,
    "username": "omery500@gmail.com",
    "is_migrated": false,
    "failure_reason": null
  },
  {
    "id": "c58cc97f-e3be-43e8-a915-2394074b5552",
    "app_name": "eladten-tinyurl2",
    "docker_image": "elad9219/tinyurl2:001",
    "mapping_port": 8080,
    "username": "elad9219@gmail.com",
    "is_migrated": false,
    "failure_reason": null
  },
  {
    "id": "35581717-7b7a-440d-83f2-838bc7d0b8fc",
    "app_name": "test-app-natan",
    "docker_image": "natanger97/test-app.v1.3",
    "mapping_port": 3000,
    "username": "natanger97@gmail.com",
    "is_migrated": false,
    "failure_reason": null
  },
  {
    "id": "685bcc3e-722f-45f4-9602-11081a30562b",
    "app_name": "michelle-student-manage",
    "docker_image": "michellei/student-manage:001",
    "mapping_port": 8080,
    "username": "bnmichelle@gmail.com",
    "is_migrated": false,
    "failure_reason": null
  },
  {
    "id": "c9251c3f-7a2f-4120-88b3-61a9a0d666dc",
    "app_name": "text-trivia",
    "docker_image": "larrykoontz/text-trivia:003",
    "mapping_port": 8080,
    "username": "koontzevich.larry@gmail.com",
    "is_migrated": false,
    "failure_reason": null
  },
  {
    "id": "1c4fddf9-5ced-443c-b2a9-41606c9b3442",
    "app_name": "basic-spring-nir",
    "docker_image": "knir44/basic-spring:nir-1001",
    "mapping_port": 8080,
    "username": "knir44@gmail.com",
    "is_migrated": false,
    "failure_reason": null
  },
  {
    "id": "214887e6-7df6-4ba1-9eeb-6c26c3faaa2e",
    "app_name": "tinyurl003",
    "docker_image": "dsisback/tinyurl:003",
    "mapping_port": 8080,
    "username": "shechtmandaniel@gmail.com",
    "is_migrated": false,
    "failure_reason": null
  },
  {
    "id": "33629be5-646c-40ea-ac43-430e0b57746f",
    "app_name": "yarin-chatbot",
    "docker_image": "yarindev/chatbot:004",
    "mapping_port": 8080,
    "username": "yarin.software@gmail.com",
    "is_migrated": false,
    "failure_reason": null
  },
  {
    "id": "ff8c40eb-76d4-49ad-9188-b6478d7ba034",
    "app_name": "demo47370",
    "docker_image": "calanitmadar/demo:844882",
    "mapping_port": 8080,
    "username": "global@gmail.com",
    "is_migrated": false,
    "failure_reason": null
  },
  {
    "id": "14bab14b-58a9-4273-98e1-aba1bdea535d",
    "app_name": "demo92015",
    "docker_image": "calanitmadar/demo:809182",
    "mapping_port": 8080,
    "username": "global@gmail.com",
    "is_migrated": false,
    "failure_reason": null
  },
  {
    "id": "72a98e6b-2c67-4113-b8f6-7d44819f001d",
    "app_name": "demo55944",
    "docker_image": "calanitmadar/demo:475854",
    "mapping_port": 8080,
    "username": "global@gmail.com",
    "is_migrated": false,
    "failure_reason": null
  },
  {
    "id": "2f09f2d5-fae9-4963-b7fc-629fb87591fd",
    "app_name": "demo98955",
    "docker_image": "calanitmadar/demo:322829",
    "mapping_port": 8080,
    "username": "global@gmail.com",
    "is_migrated": false,
    "failure_reason": null
  },
  {
    "id": "5622d28b-8bf7-4542-b1eb-0ebea3a56d0c",
    "app_name": "demo80338",
    "docker_image": "calanitmadar/demo:327597",
    "mapping_port": 8080,
    "username": "global@gmail.com",
    "is_migrated": false,
    "failure_reason": null
  },
  {
    "id": "3359dca0-99d7-468d-84b4-a779bc138151",
    "app_name": "calanittest4",
    "docker_image": "calanitmadar/calanittest:001",
    "mapping_port": 8080,
    "username": "global@gmail.com",
    "is_migrated": false,
    "failure_reason": null
  },
  {
    "id": "5aa59f9c-13e2-40e5-951c-636298886c4c",
    "app_name": "tinybar3",
    "docker_image": "nivitzhaky/tinyurl:bar-010",
    "mapping_port": 8080,
    "username": "bar7569@gmail.com",
    "is_migrated": false,
    "failure_reason": null
  },
  {
    "id": "00c645bc-9d87-4c5a-9bb0-a20a5f91149e",
    "app_name": "achinoam-basic",
    "docker_image": "achinoam123/basic-spring:achinoam-001",
    "mapping_port": 8080,
    "username": "achinoam123123@gmail.com",
    "is_migrated": false,
    "failure_reason": null
  },
  {
    "id": "d64e4cb8-4cf3-4114-9273-b588f1662074",
    "app_name": "eli-chatbot",
    "docker_image": "elip94/eli-chatbot:eli-001",
    "mapping_port": 8080,
    "username": "eliparser@gmail.com",
    "is_migrated": false,
    "failure_reason": null
  },
  {
    "id": "bae06219-8741-40f7-be39-c7162e2e4afd",
    "app_name": "eli-searchengine",
    "docker_image": "elip94/eli-searchengine:eli-001",
    "mapping_port": 8080,
    "username": "eliparser@gmail.com",
    "is_migrated": false,
    "failure_reason": null
  },
  {
    "id": "b933ce38-664c-463f-98cf-687d60af0801",
    "app_name": "currency",
    "docker_image": "lidormoryosef/currency:001",
    "mapping_port": 8080,
    "username": "lidor28799@gmail.com",
    "is_migrated": false,
    "failure_reason": null
  },
  {
    "id": "6b4ac627-862c-476c-9ead-b374c9315d05",
    "app_name": "eli-basic-spring",
    "docker_image": "elip94/basic-spring:eli-003",
    "mapping_port": 8080,
    "username": "eliparser@gmail.com",
    "is_migrated": false,
    "failure_reason": null
  },
  {
    "id": "3484182b-c57e-4c84-bc2a-edf7cca69156",
    "app_name": "telegram-bot",
    "docker_image": "bivas26/telegrambotservice",
    "mapping_port": 8087,
    "username": "BivasArad@gmail.com",
    "is_migrated": false,
    "failure_reason": null
  },
  {
    "id": "1a147b9d-0ef0-4c13-8e75-491f05dcd4a2",
    "app_name": "andreym-basicspring",
    "docker_image": "andrey2109/basicspring:001",
    "mapping_port": 8080,
    "username": "andr2109@gmail.com",
    "is_migrated": false,
    "failure_reason": null
  },
  {
    "id": "65f46bc8-4820-4bbe-8f0c-6ca90a1a9bc0",
    "app_name": "reshex-basicspring",
    "docker_image": "barzx45/basicspring:bar-007",
    "mapping_port": 8080,
    "username": "bar7569@gmail.com",
    "is_migrated": false,
    "failure_reason": null
  },
  {
    "id": "471d6cee-61b8-4283-a8f5-c179aa6d458d",
    "app_name": "noam-chatbot",
    "docker_image": "noamhandelman/chatbot",
    "mapping_port": 8080,
    "username": "n.handelman6@gmail.com",
    "is_migrated": false,
    "failure_reason": null
  },
  {
    "id": "ac88b9e5-b191-468a-aa18-91d242957a6c",
    "app_name": "roee-tinyurl1",
    "docker_image": "roeetal979/tiny:1",
    "mapping_port": 8080,
    "username": "roeetal979@gmail.com",
    "is_migrated": false,
    "failure_reason": null
  },
  {
    "id": "901e8f8c-f447-476e-87a0-1ced27f96ec6",
    "app_name": "keren-chatbot",
    "docker_image": "kerenco/chatbot:002",
    "mapping_port": 8080,
    "username": "keren5005005@gmail.com",
    "is_migrated": false,
    "failure_reason": null
  },
  {
    "id": "b1f44f1d-a003-4189-a625-e57491219784",
    "app_name": "search-engine",
    "docker_image": "tmoshel/searchengine:006",
    "mapping_port": 8080,
    "username": "talmoshel444@gmail.com",
    "is_migrated": false,
    "failure_reason": null
  },
  {
    "id": "045b15e8-c6aa-4428-ba62-5b28fb83d712",
    "app_name": "tinyurlmishelbentsur",
    "docker_image": "mishel5153/tinyurl:001",
    "mapping_port": 8080,
    "username": "mishel5153@gmail.com",
    "is_migrated": false,
    "failure_reason": null
  },
  {
    "id": "a831c46c-d00a-49eb-8e70-56d0d798567d",
    "app_name": "ariel-chatbot",
    "docker_image": "arielbengayev/chatbot:001",
    "mapping_port": 8080,
    "username": "arielazaz@gmail.com",
    "is_migrated": false,
    "failure_reason": null
  },
  {
    "id": "1f930691-0494-4b08-bec0-4e85fb81014c",
    "app_name": "bars-tinyurl",
    "docker_image": "barschtalman/tinyurl:000001",
    "mapping_port": 8080,
    "username": "barschtalman@gmail.com",
    "is_migrated": false,
    "failure_reason": null
  },
  {
    "id": "057e7c89-eef4-4ef5-952a-41ec2947170f",
    "app_name": "test202",
    "docker_image": "calanitmadar/test2:132208",
    "mapping_port": 8080,
    "username": "global@gmail.com",
    "is_migrated": false,
    "failure_reason": null
  },
  {
    "id": "074aa3b1-48e0-4091-8912-ed623bf6a2cf",
    "app_name": "raz-tinyurl",
    "docker_image": "ayubix/tinyurl:raz-001",
    "mapping_port": 8080,
    "username": "razay13@gmail.com",
    "is_migrated": false,
    "failure_reason": null
  },
  {
    "id": "878299e6-47d6-48b3-b11f-b4925e9f4e9c",
    "app_name": "myback",
    "docker_image": "israelnatnov/myapi",
    "mapping_port": 5000,
    "username": "israeln753951@gmail.com",
    "is_migrated": false,
    "failure_reason": null
  },
  {
    "id": "e02e3d9d-92f7-4079-87b6-3f73e4bebc82",
    "app_name": "mailing-service",
    "docker_image": "gilshechter/mailing-service:002",
    "mapping_port": 8080,
    "username": "gilshechter13@gmail.com",
    "is_migrated": false,
    "failure_reason": null
  },
  {
    "id": "c678667f-b04b-415a-84db-afe04ecc427c",
    "app_name": "miryam-tinyurl",
    "docker_image": "miryamshooter/tiny-url:002",
    "mapping_port": 8080,
    "username": "miryamshooter@gmail.com",
    "is_migrated": false,
    "failure_reason": null
  },
  {
    "id": "364fe729-b6aa-4c54-8d1b-6507257b737f",
    "app_name": "netanelw-basicspring2",
    "docker_image": "netanelwallach/basic-spring:netanel-002",
    "mapping_port": 8080,
    "username": "netanelwallach@gmail.com",
    "is_migrated": false,
    "failure_reason": null
  },
  {
    "id": "bdc308fe-40c0-458e-8d7d-14dc19a88f03",
    "app_name": "asafb-chatbot-002-003",
    "docker_image": "asafbs/chatbot-002:003",
    "mapping_port": 8080,
    "username": "asafbs3@gmail.com",
    "is_migrated": false,
    "failure_reason": null
  },
  {
    "id": "80842b49-00d7-4779-aa90-75a6e845b27f",
    "app_name": "demo54454",
    "docker_image": "calanitmadar/demo:202031",
    "mapping_port": 8080,
    "username": "global@gmail.com",
    "is_migrated": false,
    "failure_reason": null
  },
  {
    "id": "b5fbce3c-e6bb-4e47-a552-b2cefa9aaa28",
    "app_name": "smart-agent-fastapi2",
    "docker_image": "noams24/smart-agent-fastapi:02",
    "mapping_port": 8000,
    "username": "noams299@gmail.com",
    "is_migrated": false,
    "failure_reason": null
  },
  {
    "id": "8891f214-9a95-47d8-88b7-c6ee1cfbb145",
    "app_name": "procv",
    "docker_image": "arielbengayev/procv:012",
    "mapping_port": 8080,
    "username": "arielazaz@gmail.com",
    "is_migrated": false,
    "failure_reason": null
  },
  {
    "id": "996da8e2-6adb-4367-bcd9-8bf2c1701dc5",
    "app_name": "ben-sentiment",
    "docker_image": "benohayon/sentiment",
    "mapping_port": 8080,
    "username": "ben1679@gmail.com",
    "is_migrated": false,
    "failure_reason": null
  },
  {
    "id": "e574bc9c-6d8d-4fc8-bc33-c0b6e5b0f83e",
    "app_name": "pantrypal",
    "docker_image": "gilshechter/pantrypal:021",
    "mapping_port": 8080,
    "username": "gilshechter13@gmail.com",
    "is_migrated": false,
    "failure_reason": null
  },
  {
    "id": "303fda3b-dc45-44c0-bd65-12495f0a76cf",
    "app_name": "yaring-quiz",
    "docker_image": "yarindev/quiz:003",
    "mapping_port": 1234,
    "username": "yarin.software@gmail.com",
    "is_migrated": false,
    "failure_reason": null
  },
  {
    "id": "47b01746-c270-4abe-87ad-6567564f8a95",
    "app_name": "talentplease-tablesapi1",
    "docker_image": "harel1112361/tables_api:002",
    "mapping_port": 8080,
    "username": "harel1112361@gmail.com",
    "is_migrated": false,
    "failure_reason": null
  },
  {
    "id": "4e81d7b4-ef9d-4667-830e-aeabd1dd3de4",
    "app_name": "ben-searchengine-1",
    "docker_image": "benohayon/searchengine:1.0.2",
    "mapping_port": 8080,
    "username": "ben1679@gmail.com",
    "is_migrated": false,
    "failure_reason": null
  },
  {
    "id": "329decaa-97de-4bef-9cd0-a688f0660164",
    "app_name": "gali-chatbot",
    "docker_image": "gallli/chatbot:001",
    "mapping_port": 8080,
    "username": "gali.shipod.1955@gmail.com",
    "is_migrated": false,
    "failure_reason": null
  },
  {
    "id": "eea76b47-0386-49c3-866f-1804326f185e",
    "app_name": "test250081",
    "docker_image": "calanitmadar/test2:252206",
    "mapping_port": 8080,
    "username": "global@gmail.com",
    "is_migrated": false,
    "failure_reason": null
  },
  {
    "id": "adf49ab4-2fcd-49fa-beb4-c874457fabc0",
    "app_name": "efratperetz-chatbot",
    "docker_image": "efratperetz/chatbot:001",
    "mapping_port": 8080,
    "username": "ef8003@gmail.com",
    "is_migrated": false,
    "failure_reason": null
  },
  {
    "id": "0956c6e4-09f1-4bae-b150-e4320193fb77",
    "app_name": "nitsnats-chatbot",
    "docker_image": "nitsnats/chatbot:001",
    "mapping_port": 8080,
    "username": "nitsnats155@gmail.com",
    "is_migrated": false,
    "failure_reason": null
  },
  {
    "id": "fbbf4eb0-32da-418f-a073-d26dc658f0b8",
    "app_name": "cellxpert-nx-project",
    "docker_image": "benohayon/cellxpert-nx-project:1.0.0",
    "mapping_port": 5200,
    "username": "ben1679@gmail.com",
    "is_migrated": false,
    "failure_reason": null
  },
  {
    "id": "783dbd48-b4af-46f3-ac30-3c2a54023dc2",
    "app_name": "apache-analytics",
    "docker_image": "michellei/apache-analytics:002",
    "mapping_port": 8080,
    "username": "bnmichelle@gmail.com",
    "is_migrated": false,
    "failure_reason": null
  },
  {
    "id": "5e1f2311-960b-4911-8ab0-df053955dbde",
    "app_name": "tinyurl2",
    "docker_image": "benohayon/tinyurl:1.0.2",
    "mapping_port": 8080,
    "username": "ben1679@gmail.com",
    "is_migrated": false,
    "failure_reason": null
  },
  {
    "id": "3486271c-00f5-4a82-8f80-f9d453d82940",
    "app_name": "calanittest",
    "docker_image": "nivitzhaky/chatbot:001",
    "mapping_port": 8081,
    "username": "global@gmail.com",
    "is_migrated": false,
    "failure_reason": null
  },
  {
    "id": "105d3e09-27a3-485b-ae76-5e042a0dc22b",
    "app_name": "basicspring-moti",
    "docker_image": "motia770/basicspring:001",
    "mapping_port": 8080,
    "username": "motialp770@gmail.com",
    "is_migrated": false,
    "failure_reason": null
  },
  {
    "id": "2034642d-1bea-4ea0-ae4e-d0f0888e6914",
    "app_name": "michelle-tiny",
    "docker_image": "michellei/tiny:004",
    "mapping_port": 8080,
    "username": "bnmichelle@gmail.com",
    "is_migrated": false,
    "failure_reason": null
  },
  {
    "id": "0800609a-e6b5-4308-a458-450619c000e8",
    "app_name": "chatbot3",
    "docker_image": "lidormalich/scraping-chatbot:newsScaper-003",
    "mapping_port": 8080,
    "username": "lidormalich@gmail.com",
    "is_migrated": false,
    "failure_reason": null
  },
  {
    "id": "ab2c29dc-fc72-4c4b-9073-90a19d897b42",
    "app_name": "yair-tinyurl",
    "docker_image": "ysiraamit/tinyurl:002",
    "mapping_port": 8080,
    "username": "ysiraamit@gmail.com",
    "is_migrated": false,
    "failure_reason": null
  },
  {
    "id": "49c39c76-88c8-4bf2-b452-d80074cc2030",
    "app_name": "danielshapchatbot",
    "docker_image": "danielshapi4a/chatbot:001",
    "mapping_port": 8080,
    "username": "danielshapira3@gmail.com",
    "is_migrated": false,
    "failure_reason": null
  },
  {
    "id": "fbe3c342-72ae-486c-a73d-366158977cb2",
    "app_name": "demo17294",
    "docker_image": "calanitmadar/demo:997604",
    "mapping_port": 8080,
    "username": "global@gmail.com",
    "is_migrated": false,
    "failure_reason": null
  },
  {
    "id": "bd879a84-c111-4b77-bab9-0c9e7fc8aa21",
    "app_name": "ticketbot-012",
    "docker_image": "asafbs/ticketbot:012",
    "mapping_port": 8080,
    "username": "asafbs3@gmail.com",
    "is_migrated": false,
    "failure_reason": null
  },
  {
    "id": "6ad6679d-fa91-42ea-bbe4-4cf9b344f241",
    "app_name": "moti-basic-flask",
    "docker_image": "motia770/flask-moti:001",
    "mapping_port": 5000,
    "username": "motialp770@gmail.com",
    "is_migrated": false,
    "failure_reason": null
  },
  {
    "id": "2e2c48c9-93f1-41c2-8f1a-26fa806990d8",
    "app_name": "noaa-tinyurl",
    "docker_image": "noaa13092/tinyurl:001",
    "mapping_port": 8080,
    "username": "noaamaman325158@gmail.com",
    "is_migrated": false,
    "failure_reason": null
  },
  {
    "id": "45e67b0f-ffe4-458e-8c87-e14ffe804508",
    "app_name": "searchengine",
    "docker_image": "gavri2000/searchengine:001",
    "mapping_port": 8080,
    "username": "gavri2000@gmail.com",
    "is_migrated": false,
    "failure_reason": null
  },
  {
    "id": "fffb9fee-0ace-4015-ac80-d54ec2cb98c9",
    "app_name": "demo95395",
    "docker_image": "calanitmadar/demo:287553",
    "mapping_port": 8080,
    "username": "global@gmail.com",
    "is_migrated": false,
    "failure_reason": null
  },
  {
    "id": "97545516-82bc-4ad1-a00d-d67a3e9a541b",
    "app_name": "lpm-stations-orel",
    "docker_image": "orelav/lpm-stations:orel-001",
    "mapping_port": 8080,
    "username": "orel.avihad@gmail.com",
    "is_migrated": false,
    "failure_reason": null
  },
  {
    "id": "84362119-c057-46e6-98a5-07ca427a890b",
    "app_name": "gil-tinyurl",
    "docker_image": "gilshechter/tinyurl:001",
    "mapping_port": 8080,
    "username": "gilshechter13@gmail.com",
    "is_migrated": false,
    "failure_reason": null
  },
  {
    "id": "92823850-19fa-44ee-a131-ce8ac4de778c",
    "app_name": "shohamd-tinyurl",
    "docker_image": "shohamd1121/tiny-url:1.0.4",
    "mapping_port": 8080,
    "username": "shohamdouek@gmail.com",
    "is_migrated": false,
    "failure_reason": null
  },
  {
    "id": "9604a31d-d412-4667-aea3-531708252ab5",
    "app_name": "bar-chatbot3",
    "docker_image": "nivitzhaky/chatbot:bar-002",
    "mapping_port": 8080,
    "username": "bar7569@gmail.com",
    "is_migrated": false,
    "failure_reason": null
  },
  {
    "id": "76c13646-cb03-42b8-92ce-f783910fd8e9",
    "app_name": "gil-chatbot",
    "docker_image": "gilshechter/chatbot:001",
    "mapping_port": 8080,
    "username": "gilshechter13@gmail.com",
    "is_migrated": false,
    "failure_reason": null
  },
  {
    "id": "88c87cbf-f336-4125-ad3c-b554672f17a0",
    "app_name": "efratf-chatbot",
    "docker_image": "efratf/chatbot:001",
    "mapping_port": 8080,
    "username": "urielfr1234@gmail.com",
    "is_migrated": false,
    "failure_reason": null
  },
  {
    "id": "99551ba0-8904-412e-8549-902cbe88f83a",
    "app_name": "natan-guidde",
    "docker_image": "natanger97/node-docker-test-app:v1.10",
    "mapping_port": 3000,
    "username": "natan.gershbein@guidde.co",
    "is_migrated": false,
    "failure_reason": null
  },
  {
    "id": "df8e6ed7-d2f3-43fc-994f-377fc5c2f173",
    "app_name": "aviv-gpt",
    "docker_image": "nachmiasx/flask_app:001",
    "mapping_port": 5001,
    "username": "avivnachmias23@gmail.com",
    "is_migrated": false,
    "failure_reason": null
  },
  {
    "id": "37738a2e-ed9d-4963-abc7-428c74a0c6b3",
    "app_name": "test-scrapper38",
    "docker_image": "nivitzhaky/chatbot:002",
    "mapping_port": 8080,
    "username": "vicolicht@gmail.com",
    "is_migrated": false,
    "failure_reason": null
  },
  {
    "id": "6ae0c30a-38d2-4d8a-a57f-c5f71ced5acb",
    "app_name": "lirov-chatbot",
    "docker_image": "liro/chatbot:02",
    "mapping_port": 8080,
    "username": "lirovink@gmail.com",
    "is_migrated": false,
    "failure_reason": null
  },
  {
    "id": "5a1637e0-5e37-4375-911e-96b679149b57",
    "app_name": "schooldudasystem",
    "docker_image": "yoni99/hometest-app:0010",
    "mapping_port": 8080,
    "username": "yoni.itzhaki@gmail.com",
    "is_migrated": false,
    "failure_reason": null
  },
  {
    "id": "78ce52f0-828e-4d45-b730-251bda030005",
    "app_name": "vidtube",
    "docker_image": "ocdev1/vidtube-server",
    "mapping_port": 12345,
    "username": "omricohen19@gmail.com",
    "is_migrated": false,
    "failure_reason": null
  },
  {
    "id": "a7954d3c-befe-47d5-a6f6-668eb277526a",
    "app_name": "test206",
    "docker_image": "calanitmadar/test2:456520",
    "mapping_port": 8080,
    "username": "global@gmail.com",
    "is_migrated": false,
    "failure_reason": null
  },
  {
    "id": "a879abac-eb4e-4671-8fb5-bb647dbbb027",
    "app_name": "tmoshel-tinyurl",
    "docker_image": "tmoshel/tinyurl:001",
    "mapping_port": 8080,
    "username": "talmoshel444@gmail.com",
    "is_migrated": false,
    "failure_reason": null
  },
  {
    "id": "4e29f8ae-5684-467f-994e-a192440345f8",
    "app_name": "chat2",
    "docker_image": "nivitzhaky/chatbot:001",
    "mapping_port": 8081,
    "username": "niv.itzhaky@gmail.com",
    "is_migrated": false,
    "failure_reason": null
  },
  {
    "id": "cd4bb3fe-71fe-49cd-a630-0c9d2970e664",
    "app_name": "test204",
    "docker_image": "calanitmadar/test2:622343",
    "mapping_port": 8080,
    "username": "global@gmail.com",
    "is_migrated": false,
    "failure_reason": null
  },
  {
    "id": "f41cccff-1f87-4fbb-b7bd-642a5902d69b",
    "app_name": "danie-tinyurl",
    "docker_image": "danielshapi4a/tinyurl:003",
    "mapping_port": 8080,
    "username": "danielshapira3@gmail.com",
    "is_migrated": false,
    "failure_reason": null
  },
  {
    "id": "5736dcbf-3df7-429c-aa99-d269212ba76d",
    "app_name": "nirk-chatbot",
    "docker_image": "knir44/nirk-chatbot:1002",
    "mapping_port": 8080,
    "username": "knir44@gmail.com",
    "is_migrated": false,
    "failure_reason": null
  },
  {
    "id": "162c00c6-3c42-4872-9aa7-d7c313302039",
    "app_name": "bars-sentiment",
    "docker_image": "barschtalman/sentiment:0002",
    "mapping_port": 8080,
    "username": "barschtalman@gmail.com",
    "is_migrated": false,
    "failure_reason": null
  },
  {
    "id": "465a4d92-600d-4c62-bc0e-4e0d9b64aec2",
    "app_name": "searchmishel",
    "docker_image": "mishel5153/searchengine:001p",
    "mapping_port": 8080,
    "username": "mishel5153@gmail.com",
    "is_migrated": false,
    "failure_reason": null
  },
  {
    "id": "184aea5c-06fc-4e61-992a-e1f26398eedf",
    "app_name": "cvgenerator",
    "docker_image": "tmoshel/cvgenerator:009",
    "mapping_port": 8080,
    "username": "talmoshel444@gmail.com",
    "is_migrated": false,
    "failure_reason": null
  },
  {
    "id": "6ad34296-c6b4-4c9c-92ce-db9c08760ed8",
    "app_name": "my-chatbot",
    "docker_image": "yardenitah/chatbot:001",
    "mapping_port": 8080,
    "username": "yarden1606@gmail.com",
    "is_migrated": false,
    "failure_reason": null
  },
  {
    "id": "c04dd5ab-d4e2-47ad-b05a-96159404d3a3",
    "app_name": "sara-basicspring",
    "docker_image": "saracohen1/basic-spring:002",
    "mapping_port": 8080,
    "username": "sara149635@gmail.com",
    "is_migrated": false,
    "failure_reason": null
  },
  {
    "id": "af30590a-77ea-438a-8873-c26720e6ee86",
    "app_name": "test-avi",
    "docker_image": "avilinko/receipt-scanner:001",
    "mapping_port": 8080,
    "username": "admin@gmail.com",
    "is_migrated": false,
    "failure_reason": null
  },
  {
    "id": "edcfbb0d-6d35-4eaa-96a1-1afcc4c2c513",
    "app_name": "scraping-service",
    "docker_image": "robodavli/scraping-service:1.0.0",
    "mapping_port": 4000,
    "username": "robodavli@gmail.com",
    "is_migrated": false,
    "failure_reason": null
  },
  {
    "id": "2b5a6147-78af-4063-9639-f159ac194dde",
    "app_name": "myfxbook-parser",
    "docker_image": "gavri2000/parser:001",
    "mapping_port": 8080,
    "username": "gavri2000@gmail.com",
    "is_migrated": false,
    "failure_reason": null
  },
  {
    "id": "8408676f-8711-402c-8bfb-67051b6a68b2",
    "app_name": "lilach-tinyurl",
    "docker_image": "lilachherzog/tinyurl:006",
    "mapping_port": 8080,
    "username": "lilach.m.h@gmail.com",
    "is_migrated": false,
    "failure_reason": null
  },
  {
    "id": "3535b715-83b8-4f7d-9f40-6adbd4351325",
    "app_name": "students",
    "docker_image": "michellei/students:002",
    "mapping_port": 8080,
    "username": "bnmichelle@gmail.com",
    "is_migrated": false,
    "failure_reason": null
  },
  {
    "id": "9e6c347c-4bde-4937-bb4b-1d59ad4ba205",
    "app_name": "fastapi",
    "docker_image": "yahavnirr1997/fast-api",
    "mapping_port": 8000,
    "username": "yyynyahav@gmail.com",
    "is_migrated": false,
    "failure_reason": null
  },
  {
    "id": "be38759f-0658-4733-bd1b-4ba8187706dd",
    "app_name": "real-estate-tracker",
    "docker_image": "1122335588/budget-tracker-app",
    "mapping_port": 3000,
    "username": "yahavnirr@gmail.com",
    "is_migrated": false,
    "failure_reason": null
  },
  {
    "id": "77a185f1-075b-486a-9643-3a49bc61f9ed",
    "app_name": "demo26291",
    "docker_image": "calanitmadar/demo:484577",
    "mapping_port": 8080,
    "username": "global@gmail.com",
    "is_migrated": false,
    "failure_reason": null
  },
  {
    "id": "8d9bd628-1c8e-46bd-975b-ef4947b81bc3",
    "app_name": "spring-boot",
    "docker_image": "alonspivack1/my-spring-boot-app:v1.0",
    "mapping_port": 8080,
    "username": "alonspivack1@gmail.com",
    "is_migrated": false,
    "failure_reason": null
  },
  {
    "id": "1b696e7f-5e16-4d9a-b5b1-e03712cb520a",
    "app_name": "bars-searchengine",
    "docker_image": "barschtalman/searchengine:0001",
    "mapping_port": 8080,
    "username": "barschtalman@gmail.com",
    "is_migrated": false,
    "failure_reason": null
  },
  {
    "id": "e16ebbe1-48b8-4ae3-9d04-d967474bdf41",
    "app_name": "demo70726",
    "docker_image": "calanitmadar/demo:695657",
    "mapping_port": 8080,
    "username": "global@gmail.com",
    "is_migrated": false,
    "failure_reason": null
  },
  {
    "id": "b7b56346-2c04-48d0-92d6-f722cbde35ce",
    "app_name": "test220246",
    "docker_image": "calanitmadar/test2:730696",
    "mapping_port": 8080,
    "username": "global@gmail.com",
    "is_migrated": false,
    "failure_reason": null
  },
  {
    "id": "28fe9fa8-440a-4827-9876-4fcc1ceaef1d",
    "app_name": "chat-ai-gge",
    "docker_image": "gelberg2311/aibackend:04",
    "mapping_port": 8080,
    "username": "itayz1e.fullstack@gmail.com",
    "is_migrated": false,
    "failure_reason": null
  },
  {
    "id": "a52d3953-bcd8-47d4-9fbf-8a5b608e8f16",
    "app_name": "basic-spring",
    "docker_image": "gavri2000/basic-spring:eran-001",
    "mapping_port": 8080,
    "username": "gavri2000@gmail.com",
    "is_migrated": false,
    "failure_reason": null
  },
  {
    "id": "f8c98472-20e3-465b-876c-e98ee8b1ef7e",
    "app_name": "trip-planner",
    "docker_image": "gallevy94/trip-planner:10",
    "mapping_port": 8080,
    "username": "gali13031@gmail.com",
    "is_migrated": false,
    "failure_reason": null
  },
  {
    "id": "fb6a7945-5f21-4bef-b65c-30e7e91adb3d",
    "app_name": "ask-ai",
    "docker_image": "bar6132/ask_ai",
    "mapping_port": 5000,
    "username": "barbar6132@gmail.com",
    "is_migrated": false,
    "failure_reason": null
  },
  {
    "id": "e3cefb7e-49fe-4392-bee7-0e625b4afa84",
    "app_name": "tracker-realestate",
    "docker_image": "1122335588/budget-tracker-app:latest",
    "mapping_port": 3000,
    "username": "yyynyahav@gmail.com",
    "is_migrated": false,
    "failure_reason": null
  },
  {
    "id": "a62ab572-35b2-4fff-be7d-57580904620f",
    "app_name": "tinyurl",
    "docker_image": "gavri2000/tinyurl:eran-001",
    "mapping_port": 8080,
    "username": "gavri2000@gmail.com",
    "is_migrated": false,
    "failure_reason": null
  },
  {
    "id": "94c13433-e800-4ff2-8077-458a36369c6b",
    "app_name": "chat-ai-db",
    "docker_image": "itay1e/back-end-ai:09",
    "mapping_port": 8080,
    "username": "itayz1e.fullstack@gmail.com",
    "is_migrated": false,
    "failure_reason": null
  },
  {
    "id": "13e53643-0874-4bb9-935c-eef7c03b6bc2",
    "app_name": "demo87917",
    "docker_image": "calanitmadar/demo:891356",
    "mapping_port": 8080,
    "username": "global@gmail.com",
    "is_migrated": false,
    "failure_reason": null
  },
  {
    "id": "a633e359-e987-44fd-a914-995d8c494861",
    "app_name": "searchengigne102",
    "docker_image": "dsisback/searchengine:001",
    "mapping_port": 8080,
    "username": "shechtmandaniel@gmail.com",
    "is_migrated": false,
    "failure_reason": null
  },
  {
    "id": "04a5d1d5-273e-4fce-bf4f-8c3129838043",
    "app_name": "newsai",
    "docker_image": "davidohhana/newsai_gateway:latest",
    "mapping_port": 8080,
    "username": "sustujbv167@gmail.com",
    "is_migrated": false,
    "failure_reason": null
  },
  {
    "id": "cf4071f1-fedc-4a05-9c9f-f9a7994cc40f",
    "app_name": "efratperetz-tinyurl1",
    "docker_image": "efratperetz/tinyurl:005",
    "mapping_port": 8080,
    "username": "ef8003@gmail.com",
    "is_migrated": false,
    "failure_reason": null
  },
  {
    "id": "e0346ef7-c1a7-425c-b9f6-f100b3eb0012",
    "app_name": "eduard-spring",
    "docker_image": "eduard08/basic-spring:eduard-001",
    "mapping_port": 8080,
    "username": "Eduard08@walla.com",
    "is_migrated": false,
    "failure_reason": null
  },
  {
    "id": "f3eed31f-9b96-4457-9502-d8dfa5d3898d",
    "app_name": "gal-chatbot",
    "docker_image": "gallevy94/chatbot:001",
    "mapping_port": 8080,
    "username": "gali13031@gmail.com",
    "is_migrated": false,
    "failure_reason": null
  },
  {
    "id": "85f6d930-452d-412b-88b9-95b61977aef7",
    "app_name": "nitsnats-tinyurl",
    "docker_image": "nitsnats/tinyurl:003",
    "mapping_port": 8080,
    "username": "nitsnats155@gmail.com",
    "is_migrated": false,
    "failure_reason": null
  },
  {
    "id": "f87526e7-b04c-4ecb-b1b5-14db998edb6a",
    "app_name": "test28548",
    "docker_image": "calanitmadar/test2:685019",
    "mapping_port": 8080,
    "username": "global@gmail.com",
    "is_migrated": false,
    "failure_reason": null
  },
  {
    "id": "c48f089c-070f-49c0-a1c0-cc0d3a733ad9",
    "app_name": "achinoam1-basuc",
    "docker_image": "achinoam123/basic-spring:achinoam-001",
    "mapping_port": 8080,
    "username": "achinoam123123@gmail.com",
    "is_migrated": false,
    "failure_reason": null
  },
  {
    "id": "4c7858ab-c717-4a8b-9b78-eb38f3b3c6e4",
    "app_name": "achinoam-chatbot",
    "docker_image": "achinoam123/chatbot:001",
    "mapping_port": 8080,
    "username": "achinoam123123@gmail.com",
    "is_migrated": false,
    "failure_reason": null
  },
  {
    "id": "c5f7a75e-9dcd-4781-920a-9f42aadb6df3",
    "app_name": "linkdin-scraper",
    "docker_image": "noams24/linkdin-scraper:004",
    "mapping_port": 8000,
    "username": "noams299@gmail.com",
    "is_migrated": false,
    "failure_reason": null
  },
  {
    "id": "b4a57dee-2dd6-4ecf-b764-bed0ea20abf6",
    "app_name": "calanittest2",
    "docker_image": "nivitzhaky/chatbot:001",
    "mapping_port": 8081,
    "username": "global@gmail.com",
    "is_migrated": false,
    "failure_reason": null
  },
  {
    "id": "9a4f7b8f-3e34-4591-aeaa-588e965ad077",
    "app_name": "orel-chatbot",
    "docker_image": "orelav/chatbot:001",
    "mapping_port": 8080,
    "username": "orel.avihad@gmail.com",
    "is_migrated": false,
    "failure_reason": null
  },
  {
    "id": "a04bf2ea-bb27-46f9-be5c-0dedb622d77a",
    "app_name": "nirsh-chatbot",
    "docker_image": "nirshaulian/chatbot:001",
    "mapping_port": 8080,
    "username": "nashaulian@gmail.com",
    "is_migrated": false,
    "failure_reason": null
  },
  {
    "id": "d22b7599-8bb8-492b-990a-9252f0de3e06",
    "app_name": "brachalink",
    "docker_image": "brachalink/basic-spring:bl-001",
    "mapping_port": 8080,
    "username": "brachi1770@gmail.com",
    "is_migrated": false,
    "failure_reason": null
  },
  {
    "id": "a2960217-633d-472e-a468-7f1b3f71314b",
    "app_name": "identifier",
    "docker_image": "gilshechter/identifier:004",
    "mapping_port": 8000,
    "username": "gilshechter13@gmail.com",
    "is_migrated": false,
    "failure_reason": null
  },
  {
    "id": "d618f748-084c-4584-bd66-c9833c1a8947",
    "app_name": "searchengine-moti",
    "docker_image": "motia770/searchengine:002",
    "mapping_port": 8080,
    "username": "motialp770@gmail.com",
    "is_migrated": false,
    "failure_reason": null
  },
  {
    "id": "05c07df9-7b13-42ad-8c7c-aecd8ae0db80",
    "app_name": "sportsappchatbot",
    "docker_image": "andrey2109/sportsbot:003",
    "mapping_port": 8080,
    "username": "andr2109@gmail.com",
    "is_migrated": false,
    "failure_reason": null
  },
  {
    "id": "dff6bbfb-f5cb-464b-8266-92c620f01957",
    "app_name": "qweqwe",
    "docker_image": "nivitzhaky/basic-spring:3001",
    "mapping_port": 8080,
    "username": "barzx45@gmail.com",
    "is_migrated": false,
    "failure_reason": null
  },
  {
    "id": "fa970913-9a77-4085-bcf1-bf280b5e2068",
    "app_name": "test272027",
    "docker_image": "calanitmadar/test2:447829",
    "mapping_port": 8080,
    "username": "global@gmail.com",
    "is_migrated": false,
    "failure_reason": null
  },
  {
    "id": "50a8617a-ea20-41fa-a10d-cc32f31d361c",
    "app_name": "imdb-chatbot",
    "docker_image": "roeishc/imdb-chatbot:roei-001",
    "mapping_port": 8080,
    "username": "roei.shchory@gmail.com",
    "is_migrated": false,
    "failure_reason": null
  },
  {
    "id": "243f1a7d-3815-4498-8468-ec135cc1d216",
    "app_name": "nirsh-tinyurl",
    "docker_image": "nirshaulian/tinyurl:004",
    "mapping_port": 8080,
    "username": "nashaulian@gmail.com",
    "is_migrated": false,
    "failure_reason": null
  },
  {
    "id": "0bd60c57-b5fb-42ee-9973-1a484482aa65",
    "app_name": "andreym-chatbot",
    "docker_image": "andrey2109/chatbot:001",
    "mapping_port": 8080,
    "username": "andr2109@gmail.com",
    "is_migrated": false,
    "failure_reason": null
  },
  {
    "id": "d631f5dc-ed36-43b0-8c39-032788eb70af",
    "app_name": "demo3868",
    "docker_image": "calanitmadar/demo:666848",
    "mapping_port": 8080,
    "username": "global@gmail.com",
    "is_migrated": false,
    "failure_reason": null
  },
  {
    "id": "641079f2-9e19-4aab-8299-f88d86952759",
    "app_name": "students-server",
    "docker_image": "benohayon/basic-spring:1001",
    "mapping_port": 8080,
    "username": "ben1679@gmail.com",
    "is_migrated": false,
    "failure_reason": null
  },
  {
    "id": "51abc4e7-0616-4472-974a-4ce3caf69b6e",
    "app_name": "triel",
    "docker_image": "confluentinc/cp-zookeeper:latest",
    "mapping_port": 8080,
    "username": "calanit.cha@gmail.com",
    "is_migrated": false,
    "failure_reason": null
  },
  {
    "id": "69754632-6e37-4da7-a70a-2f513e897288",
    "app_name": "barak-chatbot",
    "docker_image": "barakoyb/chatbot:001",
    "mapping_port": 8080,
    "username": "barakoyb@gmail.com",
    "is_migrated": false,
    "failure_reason": null
  },
  {
    "id": "3976cc4c-6b24-4f1f-be97-87ddc86ea9f1",
    "app_name": "harely-chatbot",
    "docker_image": "harel1112361/chatbot:022",
    "mapping_port": 8080,
    "username": "harel1112361@gmail.com",
    "is_migrated": false,
    "failure_reason": null
  },
  {
    "id": "b56568c3-1ced-43a0-854a-25dbbed28c46",
    "app_name": "smart-agent-server",
    "docker_image": "noams24/smart-agent-server:01",
    "mapping_port": 8080,
    "username": "noams299@gmail.com",
    "is_migrated": false,
    "failure_reason": null
  },
  {
    "id": "e8dea9e6-54cf-48aa-86bc-5307f977a117",
    "app_name": "ilanv-tinyurl",
    "docker_image": "ilanv145/tinyurl:003",
    "mapping_port": 8080,
    "username": "ilanv145@gmail.com",
    "is_migrated": false,
    "failure_reason": null
  },
  {
    "id": "8c794c0b-b186-4ba0-b872-eb2634c0d0ad",
    "app_name": "Eureka-server",
    "docker_image": "bivas26/eureka-server",
    "mapping_port": 8761,
    "username": "BivasArad@gmail.com",
    "is_migrated": false,
    "failure_reason": null
  },
  {
    "id": "f7aa8741-8080-4b4a-a115-40dd8f6eaa9d",
    "app_name": "demo16162",
    "docker_image": "calanitmadar/demo:238889",
    "mapping_port": 8080,
    "username": "global@gmail.com",
    "is_migrated": false,
    "failure_reason": null
  },
  {
    "id": "f75d6418-55b0-46c4-9473-6f668a90dec0",
    "app_name": "amit-searchengine",
    "docker_image": "amithen/searchengine:001",
    "mapping_port": 8080,
    "username": "amitoa50@gmail.com",
    "is_migrated": false,
    "failure_reason": null
  },
  {
    "id": "f0948dc4-b7fc-4e4b-a228-29ec48b7d697",
    "app_name": "Modern_Backend",
    "docker_image": "elhanani/backend:001",
    "mapping_port": 9090,
    "username": "elhanani156@gmail.com",
    "is_migrated": false,
    "failure_reason": null
  },
  {
    "id": "7e866e5e-cb24-4ce2-942b-643b891053ff",
    "app_name": "romand-chatbot",
    "docker_image": "dzhroman/chatbot:001",
    "mapping_port": 8080,
    "username": "dzhaparydze.roman@gmail.com",
    "is_migrated": false,
    "failure_reason": null
  },
  {
    "id": "f3add81b-a085-4c29-86e8-5bfbac7d3330",
    "app_name": "efratperetz-searchengine",
    "docker_image": "efratperetz/searchengine:001",
    "mapping_port": 8080,
    "username": "ef8003@gmail.com",
    "is_migrated": false,
    "failure_reason": null
  },
  {
    "id": "daaaa493-a7c7-4ec7-bb8a-5553dd3f9d2c",
    "app_name": "socialmedia",
    "docker_image": "lidormoryosef/socialmedia:001",
    "mapping_port": 8080,
    "username": "lidor28799@gmail.com",
    "is_migrated": false,
    "failure_reason": null
  },
  {
    "id": "03c3534b-b791-47a2-9ad9-26c72164bb09",
    "app_name": "ModernBackend",
    "docker_image": "elhanani/backend",
    "mapping_port": 9090,
    "username": "elhanani156@gmail.com",
    "is_migrated": false,
    "failure_reason": null
  },
  {
    "id": "323bdff0-868c-4465-93e5-8525e1cc1e82",
    "app_name": "guidde-demo-1",
    "docker_image": "natanger97/web-scraping-chatbot:001",
    "mapping_port": 8080,
    "username": "natan.gershbein23@guidde.co",
    "is_migrated": false,
    "failure_reason": null
  },
  {
    "id": "40a7010e-fd81-4ab4-b5ac-8d802e2b99d0",
    "app_name": "efratperetz-tinyurl",
    "docker_image": "efratperetz/tinyurl:007",
    "mapping_port": 8080,
    "username": "ef8003@gmail.com",
    "is_migrated": false,
    "failure_reason": null
  },
  {
    "id": "3be71abd-f922-4d27-a6aa-56d79f77b624",
    "app_name": "accesscontrolfacerecog",
    "docker_image": "serengil/deepface:latest",
    "mapping_port": 5005,
    "username": "mishel5153@gmail.com",
    "is_migrated": false,
    "failure_reason": null
  },
  {
    "id": "cbce326c-05f8-4bb0-96e5-3d8925737245",
    "app_name": "arielb-basic-spring",
    "docker_image": "arielbengayev/basic:002",
    "mapping_port": 8080,
    "username": "arielazaz@gmail.com",
    "is_migrated": false,
    "failure_reason": null
  },
  {
    "id": "24e823e8-487c-45b0-a503-7e1113eefa7f",
    "app_name": "chat",
    "docker_image": "nivitzhaky/chatbot:001",
    "mapping_port": 8081,
    "username": "nathan.projects97@gmail.com",
    "is_migrated": false,
    "failure_reason": null
  },
  {
    "id": "156be946-6f91-4496-98de-20177758eee5",
    "app_name": "demo74667",
    "docker_image": "calanitmadar/demo:470863",
    "mapping_port": 8080,
    "username": "global@gmail.com",
    "is_migrated": false,
    "failure_reason": null
  },
  {
    "id": "37ea5319-5d97-41fe-a959-8593e7d3a1a6",
    "app_name": "1234",
    "docker_image": "calanitmadar/test2",
    "mapping_port": 8080,
    "username": "global@gmail.com",
    "is_migrated": false,
    "failure_reason": null
  },
  {
    "id": "114d9e7c-dbe3-4c34-a1b9-7e15e3fb5ada",
    "app_name": "cartcrafter2",
    "docker_image": "tomerasulin/cart-crafter:v2",
    "mapping_port": 8080,
    "username": "tomermailg@gmail.com",
    "is_migrated": false,
    "failure_reason": null
  },
  {
    "id": "4b305df1-27c4-4903-9d2b-c9fe7337345c",
    "app_name": "basic-spring-v2",
    "docker_image": "kabhamo/basic-spring-v2:v-001",
    "mapping_port": 8080,
    "username": "mkabha54@gmail.com",
    "is_migrated": false,
    "failure_reason": null
  },
  {
    "id": "1b8d687d-ce8b-414d-a5e0-6a7a905cc893",
    "app_name": "yaring-searchengine",
    "docker_image": "yarindev/searchengine:002",
    "mapping_port": 8080,
    "username": "yarin.software@gmail.com",
    "is_migrated": false,
    "failure_reason": null
  },
  {
    "id": "3aa66146-66b4-4022-a8ec-e4bb3a5dd68b",
    "app_name": "bussiness",
    "docker_image": "efratperetz/bussiness-app:001",
    "mapping_port": 80,
    "username": "ef8003@gmail.com",
    "is_migrated": false,
    "failure_reason": null
  },
  {
    "id": "2c961d6b-fba6-4e52-9558-6d30f2148959",
    "app_name": "md-security22",
    "docker_image": "avilinko/mdsecurity:022",
    "mapping_port": 5000,
    "username": "av.ka999@gmail.com",
    "is_migrated": false,
    "failure_reason": null
  },
  {
    "id": "5b61f4dc-37c0-4fe7-9164-a44b7fb67af9",
    "app_name": "eladt-chatbot2",
    "docker_image": "elad9219/chatbot2:001",
    "mapping_port": 8080,
    "username": "elad9219@gmail.com",
    "is_migrated": false,
    "failure_reason": null
  },
  {
    "id": "8682d129-93cf-4639-9297-9086059a5959",
    "app_name": "yaring-basicspring",
    "docker_image": "yarindev/basicspring:002",
    "mapping_port": 8080,
    "username": "yarin.software@gmail.com",
    "is_migrated": false,
    "failure_reason": null
  },
  {
    "id": "d96120d2-2b7f-409c-a026-6bfb0952e1b4",
    "app_name": "bussiness-app",
    "docker_image": "efratperetz/bussiness-app:001",
    "mapping_port": 80,
    "username": "ef8003@gmail.com",
    "is_migrated": false,
    "failure_reason": null
  },
  {
    "id": "65dcf234-e0dd-4a29-98ed-e22cfb00e601",
    "app_name": "tinyurl-003",
    "docker_image": "tehilanatan/tinyurl:tinyurl-003",
    "mapping_port": 8080,
    "username": "tehila.natan1@gmail.com",
    "is_migrated": false,
    "failure_reason": null
  },
  {
    "id": "56116518-3db4-4226-847c-7cbbcf00eb86",
    "app_name": "react-app",
    "docker_image": "ronhachmon/react-dev",
    "mapping_port": 80,
    "username": "hachmonron@gmail.com",
    "is_migrated": false,
    "failure_reason": null
  },
  {
    "id": "8db17bff-1314-4550-b665-054843c22829",
    "app_name": "danir-chatbot",
    "docker_image": "danielra303/chatbot:001",
    "mapping_port": 8080,
    "username": "dra0391@gmail.com",
    "is_migrated": false,
    "failure_reason": null
  },
  {
    "id": "2cb8880e-ffff-4ada-b762-8ca2e8e88dde",
    "app_name": "amit-chatbot",
    "docker_image": "amithen/chatbot:latest",
    "mapping_port": 8080,
    "username": "amitoa50@gmail.com",
    "is_migrated": false,
    "failure_reason": null
  },
  {
    "id": "f2ce157d-1254-4bd7-82f8-86c3c09d9cce",
    "app_name": "welcome-with-ui",
    "docker_image": "213123213123213123/welcome-to-docker:1.0.0",
    "mapping_port": 8089,
    "username": "israelbrener@gmail.com",
    "is_migrated": false,
    "failure_reason": null
  },
  {
    "id": "3cca43de-6eec-4122-a91c-0b2f8b467c65",
    "app_name": "sentimentmishel",
    "docker_image": "mishel5153/sentiment:001",
    "mapping_port": 8080,
    "username": "mishel5153@gmail.com",
    "is_migrated": false,
    "failure_reason": null
  },
  {
    "id": "cf549e4d-b6a9-4542-a4d4-b69fbe03753d",
    "app_name": "basic-spring-eldad",
    "docker_image": "dockereldad/basic-spring:eldad-001",
    "mapping_port": 8080,
    "username": "eldad.set@gmail.com",
    "is_migrated": false,
    "failure_reason": null
  },
  {
    "id": "f080cdc5-1d21-4b61-a707-e108c1b962f4",
    "app_name": "amit-tiny",
    "docker_image": "amithen/tinyurl:002",
    "mapping_port": 8080,
    "username": "amitoa50@gmail.com",
    "is_migrated": false,
    "failure_reason": null
  },
  {
    "id": "f40973c6-33a2-4b91-8e9b-a350b2362b7a",
    "app_name": "abc",
    "docker_image": "213123213123213123/nginx-custom",
    "mapping_port": 8080,
    "username": "israelbrener@gmail.com",
    "is_migrated": false,
    "failure_reason": null
  },
  {
    "id": "c4f47065-5485-4d62-882e-e2f4035557a5",
    "app_name": "maps-api",
    "docker_image": "israelnatnov/maps-api",
    "mapping_port": 5000,
    "username": "israeln753951@gmail.com",
    "is_migrated": false,
    "failure_reason": null
  },
  {
    "id": "58e8b1db-31ba-4a38-9602-d64705869baf",
    "app_name": "test201",
    "docker_image": "calanitmadar/test2:132208",
    "mapping_port": 8080,
    "username": "global@gmail.com",
    "is_migrated": false,
    "failure_reason": null
  },
  {
    "id": "921972c6-7c22-469f-9078-9923549ea713",
    "app_name": "chat-ai-db-v2",
    "docker_image": "itay1e/back-end-ai:010",
    "mapping_port": 8080,
    "username": "itayz1e.fullstack@gmail.com",
    "is_migrated": false,
    "failure_reason": null
  },
  {
    "id": "956e0d69-4785-4cf2-b39d-4d19b18a059b",
    "app_name": "vmfc-api-run",
    "docker_image": "ronitzhak/vmfc-api",
    "mapping_port": 9000,
    "username": "ronitz9@gmail.com",
    "is_migrated": false,
    "failure_reason": null
  },
  {
    "id": "a7d7e703-6469-4107-8329-9844dcb44f31",
    "app_name": "miryam-chatbot",
    "docker_image": "miryamshooter/chatbot:001",
    "mapping_port": 8080,
    "username": "miryamshooter@gmail.com",
    "is_migrated": false,
    "failure_reason": null
  },
  {
    "id": "ca281c31-09c1-4838-a47a-904d3930a79e",
    "app_name": "test265241",
    "docker_image": "calanitmadar/test2:221732",
    "mapping_port": 8080,
    "username": "global@gmail.com",
    "is_migrated": false,
    "failure_reason": null
  },
  {
    "id": "49533e11-d2ed-4913-ab7f-023c7935fc56",
    "app_name": "nadav-chatbot",
    "docker_image": "nadaveliash/chatbot:1.1",
    "mapping_port": 8080,
    "username": "nadav.eliash@gmail.com",
    "is_migrated": false,
    "failure_reason": null
  },
  {
    "id": "f42e7557-5450-4911-a7d8-b2e963535eb0",
    "app_name": "asaf-tinyurl-001",
    "docker_image": "asafbs/tinyurl:004",
    "mapping_port": 8080,
    "username": "asafbs3@gmail.com",
    "is_migrated": false,
    "failure_reason": null
  },
  {
    "id": "c4ca7cde-f176-4e16-a69e-1c5d17bd6e0d",
    "app_name": "dudaschoolproject",
    "docker_image": "yoni99/hometest-app:0040",
    "mapping_port": 8080,
    "username": "yoni.itzhaki@gmail.com",
    "is_migrated": false,
    "failure_reason": null
  },
  {
    "id": "c2d4225a-d897-4351-8335-77f3c02f6607",
    "app_name": "net-spring",
    "docker_image": "netanelwallach/basic-spring:netanel-002",
    "mapping_port": 8080,
    "username": "netanelwallach@gmail.com",
    "is_migrated": false,
    "failure_reason": null
  },
  {
    "id": "4558d65c-d46d-4a08-893f-0399f46a67e4",
    "app_name": "roee-tinyurl",
    "docker_image": "roeetal979/tinyurl:2",
    "mapping_port": 8080,
    "username": "roeetal979@gmail.com",
    "is_migrated": false,
    "failure_reason": null
  },
  {
    "id": "d58b26b8-3e84-4abd-9ec4-d7151ed8a123",
    "app_name": "searchengine-knir",
    "docker_image": "knir44/search_engine:0011",
    "mapping_port": 8080,
    "username": "knir44@gmail.com",
    "is_migrated": false,
    "failure_reason": null
  },
  {
    "id": "1ede4fc2-b30e-495e-b360-9fa2d48c0ac4",
    "app_name": "realestate-tracker2",
    "docker_image": "1122335588/budget-tracker-app:latest",
    "mapping_port": 3000,
    "username": "yyynyahav@gmail.com",
    "is_migrated": false,
    "failure_reason": null
  },
  {
    "id": "381079d3-6abe-4f95-a1ae-c45ea48f5daa",
    "app_name": "pupil-lesson-generator",
    "docker_image": "shakshukayahoo/lesson_generator:guy-019",
    "mapping_port": 8080,
    "username": "shakshuka1998@icloud.com",
    "is_migrated": false,
    "failure_reason": null
  },
  {
    "id": "5ff59c6d-ab6a-4d47-a21c-026f436549a7",
    "app_name": "miryam-enginesearch",
    "docker_image": "miryamshooter/enginesearch:001",
    "mapping_port": 8080,
    "username": "miryamshooter@gmail.com",
    "is_migrated": false,
    "failure_reason": null
  },
  {
    "id": "81dc44fe-3251-4be6-bff3-3690f5437a84",
    "app_name": "guidde-deploy",
    "docker_image": "eduard08/basic-spring:eduard-001",
    "mapping_port": 8000,
    "username": "natan.gershbein@guidde.co",
    "is_migrated": false,
    "failure_reason": null
  },
  {
    "id": "cbd64d57-6932-47ec-b9a1-23703079db3a",
    "app_name": "test286251",
    "docker_image": "calanitmadar/test2:279455",
    "mapping_port": 8080,
    "username": "global@gmail.com",
    "is_migrated": false,
    "failure_reason": null
  },
  {
    "id": "5a1923d3-7221-4c67-965a-889a488f18a5",
    "app_name": "test283781",
    "docker_image": "calanitmadar/test2:386054",
    "mapping_port": 8080,
    "username": "global@gmail.com",
    "is_migrated": false,
    "failure_reason": null
  },
  {
    "id": "dcab1094-f9eb-4b1c-8727-44aa200d3825",
    "app_name": "yardena-chatbot",
    "docker_image": "yardenaharon/chatbot:001",
    "mapping_port": 8080,
    "username": "jorden.a17@gmail.com",
    "is_migrated": false,
    "failure_reason": null
  },
  {
    "id": "9c83bc8c-fd11-45a6-8b55-5c39541df6b0",
    "app_name": "bar-chatbot",
    "docker_image": "barschtalman/chatbot:001",
    "mapping_port": 8080,
    "username": "barschtalman@gmail.com",
    "is_migrated": false,
    "failure_reason": null
  },
  {
    "id": "2ea94e82-8f56-4265-874b-b932f4448bcd",
    "app_name": "chatbot0011",
    "docker_image": "tehilanatan/chatbot:chatbot-0011",
    "mapping_port": 8080,
    "username": "tehila.natan1@gmail.com",
    "is_migrated": false,
    "failure_reason": null
  },
  {
    "id": "68b0a673-309e-46d7-9ae2-6b3519568ddf",
    "app_name": "tinyurl-lidormor",
    "docker_image": "lidormoryosef/tinyurl:003",
    "mapping_port": 8080,
    "username": "lidor28799@gmail.com",
    "is_migrated": false,
    "failure_reason": null
  },
  {
    "id": "7994d832-b53d-4fcf-a47d-38855aa150d4",
    "app_name": "roni-tinyurl",
    "docker_image": "hodorroni/tinyurl:001",
    "mapping_port": 8080,
    "username": "hodorroni@gmail.com",
    "is_migrated": false,
    "failure_reason": null
  },
  {
    "id": "3c3b1200-2618-4852-b584-7151d5f49577",
    "app_name": "roni-chatbot",
    "docker_image": "hodorroni/chatbot:001",
    "mapping_port": 8080,
    "username": "hodorroni@gmail.com",
    "is_migrated": false,
    "failure_reason": null
  },
  {
    "id": "e9dab552-b155-4034-a715-7ff7f884773f",
    "app_name": "aviv-gpt2",
    "docker_image": "nachmiasx/flask_app:002",
    "mapping_port": 5001,
    "username": "avivnachmias23@gmail.com",
    "is_migrated": false,
    "failure_reason": null
  },
  {
    "id": "11100ec7-24f9-4476-9a2d-dbae27c1a72b",
    "app_name": "tmoshel-basic",
    "docker_image": "tmoshel/basic:001",
    "mapping_port": 8080,
    "username": "talmoshel444@gmail.com",
    "is_migrated": false,
    "failure_reason": null
  },
  {
    "id": "bd9670e9-344f-4559-84d5-2f71c05a0555",
    "app_name": "cheap-trips",
    "docker_image": "orenukistudy/cheaptrips:025",
    "mapping_port": 8080,
    "username": "orenukistudy@gmail.com",
    "is_migrated": false,
    "failure_reason": null
  },
  {
    "id": "854da30e-7290-4f27-aa20-14e777be71e8",
    "app_name": "chatbot-007",
    "docker_image": "tehilanatan/chatbot:chatbot-007",
    "mapping_port": 8080,
    "username": "tehila.natan1@gmail.com",
    "is_migrated": false,
    "failure_reason": null
  },
  {
    "id": "9d725099-92ad-4b20-b80c-be1acb68eef5",
    "app_name": "dashboard",
    "docker_image": "ronitzhak/syte",
    "mapping_port": 9000,
    "username": "ronitz9@gmail.com",
    "is_migrated": false,
    "failure_reason": null
  },
  {
    "id": "94dbd3b0-70a3-4dce-a628-9942dab97f3a",
    "app_name": "smartcalendar",
    "docker_image": "hodorroni/smartcalendar:001",
    "mapping_port": 8080,
    "username": "hodorroni@gmail.com",
    "is_migrated": false,
    "failure_reason": null
  },
  {
    "id": "82c7120f-9fb2-4653-a03b-b588c3e8bdfe",
    "app_name": "ilanv-searchengine",
    "docker_image": "ilanv145/searchengine:001",
    "mapping_port": 8080,
    "username": "ilanv145@gmail.com",
    "is_migrated": false,
    "failure_reason": null
  },
  {
    "id": "70cf261f-c210-4e5c-9038-aee02d6bf6d9",
    "app_name": "Harel-sentimentanalysis",
    "docker_image": "harel1112361/sentimentanalysis:001",
    "mapping_port": 8080,
    "username": "harel1112361@gmail.com",
    "is_migrated": false,
    "failure_reason": null
  },
  {
    "id": "f76e2d4a-a8fd-4411-9c47-2e4ac168f8b3",
    "app_name": "nnn",
    "docker_image": "nivitzhaky/chatbot:001",
    "mapping_port": 8081,
    "username": "niv.itzhaky@toptal.com",
    "is_migrated": false,
    "failure_reason": null
  },
  {
    "id": "3f02f81e-af87-4b49-8411-874a71619fb4",
    "app_name": "studentsManagement",
    "docker_image": "danasror/backend:latest",
    "mapping_port": 8080,
    "username": "dana.sror123@gmail.com",
    "is_migrated": false,
    "failure_reason": null
  },
  {
    "id": "2d242499-ba9f-4925-96c0-d81b87a4f4c0",
    "app_name": "idok-chatbotapp",
    "docker_image": "idokr/chatbotapp:001",
    "mapping_port": 8080,
    "username": "idokrupik@gmail.com",
    "is_migrated": false,
    "failure_reason": null
  },
  {
    "id": "cf8d07ce-b172-4250-8773-0625b52eafd9",
    "app_name": "kffk",
    "docker_image": "natanger97/web-scraping-chatbot:001",
    "mapping_port": 8080,
    "username": "admin@gmail.com",
    "is_migrated": false,
    "failure_reason": null
  },
  {
    "id": "3b9cbddb-06b6-4fb9-941d-ff7b3fe2ab48",
    "app_name": "jfjfj",
    "docker_image": "natanger97/natan-tinyurl:002",
    "mapping_port": 8080,
    "username": "admin@gmail.com",
    "is_migrated": false,
    "failure_reason": null
  },
  {
    "id": "4111d87a-f44a-4bb5-9d68-0b8f162c9062",
    "app_name": "michelle-basicSpring",
    "docker_image": "michellei/basic-spring:001",
    "mapping_port": 8080,
    "username": "bnmichelle@gmail.com",
    "is_migrated": false,
    "failure_reason": null
  },
  {
    "id": "488ff7a3-a552-4981-8118-42f50afe6982",
    "app_name": "alonr-student-management-spring",
    "docker_image": "alpha110r/spring-project:alon-007.4",
    "mapping_port": 8080,
    "username": "alonr110@gmail.com",
    "is_migrated": false,
    "failure_reason": null
  },
  {
    "id": "5b42a52f-c6b0-458a-9f00-8274dfee17c9",
    "app_name": "yardent-basic-spring",
    "docker_image": "yardentamir/basic-spring:1001",
    "mapping_port": 8080,
    "username": "yarden44441@gmail.com",
    "is_migrated": false,
    "failure_reason": null
  },
  {
    "id": "8632d2df-3af1-4fd2-9e4d-5c164ba9c09d",
    "app_name": "niv-chatbot1234",
    "docker_image": "nivitzhaky/chatbot:002",
    "mapping_port": 8081,
    "username": "niv.teaching6@gmail.com",
    "is_migrated": false,
    "failure_reason": null
  },
  {
    "id": "f8fcff5d-47b5-4ef6-b9ac-eb2bfd72f63e",
    "app_name": "test-scrapper11",
    "docker_image": "natanger97/web-scraping-chatbot:001",
    "mapping_port": 8080,
    "username": "vicolicht4@gmail.com",
    "is_migrated": false,
    "failure_reason": null
  },
  {
    "id": "20fcfc71-a13e-4fd9-9f08-4812870080a6",
    "app_name": "nivniv",
    "docker_image": "nivitzhaky/chatbot:001",
    "mapping_port": 8081,
    "username": "admin@handson-academy.com",
    "is_migrated": false,
    "failure_reason": null
  },
  {
    "id": "dd3b7990-3ce8-4628-918f-8ffb2c0a557f",
    "app_name": "elidor-logintask",
    "docker_image": "elidorcohen/login:002",
    "mapping_port": 5000,
    "username": "stam@gmail.com",
    "is_migrated": false,
    "failure_reason": null
  },
  {
    "id": "0bf37c9b-fdb1-4102-9e4e-96bb71fed8ca",
    "app_name": "Harel-basicspring",
    "docker_image": "harel1112361/basicspring:001",
    "mapping_port": 8080,
    "username": "harel1112361@gmail.com",
    "is_migrated": false,
    "failure_reason": null
  },
  {
    "id": "48530bf0-f195-4364-8b20-8e9b7d7f0cae",
    "app_name": "Harel-tinyurl",
    "docker_image": "harel1112361/tinyurl:001",
    "mapping_port": 8080,
    "username": "harel1112361@gmail.com",
    "is_migrated": false,
    "failure_reason": null
  },
  {
    "id": "d6113ea3-ab8d-46a4-a2f5-a4f9869bd396",
    "app_name": "yarin-tinyurl",
    "docker_image": "yarindev/tinyurl:004",
    "mapping_port": 8080,
    "username": "yarin.software@gmail.com",
    "is_migrated": false,
    "failure_reason": null
  },
  {
    "id": "b0c05120-45ea-4a5e-8b8e-08be868f33b7",
    "app_name": "testing-2",
    "docker_image": "nivitzhaky/chatbot:002",
    "mapping_port": 8081,
    "username": "vicolicht18@gmail.com",
    "is_migrated": false,
    "failure_reason": null
  },
  {
    "id": "c010aba1-36a8-4eda-8539-dccd393bea13",
    "app_name": "testing-1",
    "docker_image": "natanger97/web-scraping-chatbot:001",
    "mapping_port": 8080,
    "username": "vicolicht18@gmail.com",
    "is_migrated": false,
    "failure_reason": null
  },
  {
    "id": "7df865b3-a7c7-4fb4-a6c6-429677cc87c1",
    "app_name": "node.js",
    "docker_image": "node",
    "mapping_port": 3000,
    "username": "sh770.h@gmail.com",
    "is_migrated": false,
    "failure_reason": null
  },
  {
    "id": "a8befb5d-0b5b-42e3-bd6b-eb6d3ee7aa54",
    "app_name": "testest",
    "docker_image": "node:latest",
    "mapping_port": 3000,
    "username": "oriorigranot@gmail.com",
    "is_migrated": false,
    "failure_reason": null
  },
  {
    "id": "19292875-157f-4566-8204-e2f5c69b33cc",
    "app_name": "idok-basicspring",
    "docker_image": "idokr/basic-spring:001",
    "mapping_port": 8080,
    "username": "idokrupik@gmail.com",
    "is_migrated": false,
    "failure_reason": null
  },
  {
    "id": "7714a6d7-0ae9-4711-a8d7-fe1b2de2ae1a",
    "app_name": "idok-tinyurl",
    "docker_image": "idokr/tinyurl:001",
    "mapping_port": 8080,
    "username": "idokrupik@gmail.com",
    "is_migrated": false,
    "failure_reason": null
  },
  {
    "id": "cf073214-37c6-45ca-b08a-b165dd0d040e",
    "app_name": "dvirh-spring",
    "docker_image": "nivitzhaky/basic-spring:niv-1002",
    "mapping_port": 8080,
    "username": "ddvir17@gmail.com",
    "is_migrated": false,
    "failure_reason": null
  },
  {
    "id": "742e1089-acdf-4f17-adb9-8cfabc13596f",
    "app_name": "dvirh-chatbot",
    "docker_image": "nivitzhaky/chatbot:002",
    "mapping_port": 8080,
    "username": "ddvir17@gmail.com",
    "is_migrated": false,
    "failure_reason": null
  },
  {
    "id": "3f4c1b3a-fd4f-4f95-b471-97c59f131485",
    "app_name": "idok-searchengine",
    "docker_image": "idokr/searchengine:001",
    "mapping_port": 8080,
    "username": "idokrupik@gmail.com",
    "is_migrated": false,
    "failure_reason": null
  },
  {
    "id": "4e6f8957-5188-457f-9945-475dc7c3a020",
    "app_name": "pokemonApi",
    "docker_image": "bubupooka/bprootbto1:nanopolard",
    "mapping_port": 8080,
    "username": "alfons.vids@gmail.com",
    "is_migrated": false,
    "failure_reason": null
  },
  {
    "id": "1ea94171-e65a-4821-9299-c678fe6a592a",
    "app_name": "gali-searchengine",
    "docker_image": "gallli/searchengine:001",
    "mapping_port": 8080,
    "username": "gali.shipod.1955@gmail.com",
    "is_migrated": false,
    "failure_reason": null
  },
  {
    "id": "7d464b5e-bea5-4bb7-acfe-c4109524c6dc",
    "app_name": "gali-tinyurl",
    "docker_image": "gallli/tinyurl:001",
    "mapping_port": 8080,
    "username": "gali.shipod.1955@gmail.com",
    "is_migrated": false,
    "failure_reason": null
  },
  {
    "id": "d6484786-fc7d-46bf-8f19-66c3834a4f4b",
    "app_name": "gali-sentiment",
    "docker_image": "gallli/sentiment:001",
    "mapping_port": 8080,
    "username": "gali.shipod.1955@gmail.com",
    "is_migrated": false,
    "failure_reason": null
  },
  {
    "id": "333e8783-19a0-4d81-8a03-b396af0ac0b3",
    "app_name": "pl-racism",
    "docker_image": "noamhandelman/pl-racism-analysis",
    "mapping_port": 3000,
    "username": "n.handelman6@gmail.com",
    "is_migrated": false,
    "failure_reason": null
  },
  {
    "id": "48223690-76b7-4e4e-b339-3ead49110c0d",
    "app_name": "test2",
    "docker_image": "calanitmadar/test2",
    "mapping_port": 8080,
    "username": "global@gmail.com",
    "is_migrated": false,
    "failure_reason": null
  },
  {
    "id": "3651d9c6-641b-4f9f-9937-7141c0ce0cf3",
    "app_name": "test0",
    "docker_image": "calanitmadar/test0",
    "mapping_port": 8080,
    "username": "global@gmail.com",
    "is_migrated": false,
    "failure_reason": null
  },
  {
    "id": "b47914e2-4713-41d0-9820-46ff26c8f0f5",
    "app_name": "runmydocker-back",
    "docker_image": "calanitmadar/runmydocker-back",
    "mapping_port": 8080,
    "username": "global@gmail.com",
    "is_migrated": false,
    "failure_reason": null
  },
  {
    "id": "07687050-b912-4f5b-a72b-dd6bc622fa22",
    "app_name": "test1",
    "docker_image": "calanitmadar/test",
    "mapping_port": 8080,
    "username": "calanit.cha@gmail.com",
    "is_migrated": false,
    "failure_reason": null
  },
  {
    "id": "442701bc-ee39-4598-b7e1-8732ae03c9d9",
    "app_name": "test",
    "docker_image": "calanitmadar/test",
    "mapping_port": 8080,
    "username": "calanit.cha@gmail.com",
    "is_migrated": false,
    "failure_reason": null
  },
  {
    "id": "7052cae6-a9de-4b4d-9dfe-76ac7404f564",
    "app_name": "test212345678",
    "docker_image": "calanitmadar/test2:132208",
    "mapping_port": 8080,
    "username": "global@gmail.com",
    "is_migrated": false,
    "failure_reason": null
  },
  {
    "id": "7996b991-f358-44ac-88c5-cf1f7a60e7d6",
    "app_name": "test21234",
    "docker_image": "calanitmadar/test2",
    "mapping_port": 8080,
    "username": "global@gmail.com",
    "is_migrated": false,
    "failure_reason": null
  },
  {
    "id": "1be56efc-c807-4de0-bf64-1e83c0b8afa0",
    "app_name": "test2123",
    "docker_image": "calanitmadar/test2",
    "mapping_port": 8080,
    "username": "global@gmail.com",
    "is_migrated": false,
    "failure_reason": null
  },
  {
    "id": "584e5c57-7810-42e5-8fd1-0164b3753314",
    "app_name": "java-docker",
    "docker_image": "calanitmadar/java-docker",
    "mapping_port": 8080,
    "username": "global@gmail.com",
    "is_migrated": false,
    "failure_reason": null
  },
  {
    "id": "143bebfa-3f9d-4973-98d3-8b9eb84dd9b1",
    "app_name": "testt",
    "docker_image": "calanitmadar/test2",
    "mapping_port": 8080,
    "username": "global@gmail.com",
    "is_migrated": false,
    "failure_reason": null
  },
  {
    "id": "b0d222df-2866-49bf-923d-9d714b6044a9",
    "app_name": "guy-searchengine",
    "docker_image": "shakshukayahoo/searchengine:guy-001",
    "mapping_port": 8080,
    "username": "shakshuka1998@icloud.com",
    "is_migrated": false,
    "failure_reason": null
  },
  {
    "id": "1dc49433-dee9-47da-a558-58148f2894c8",
    "app_name": "guy-chatbot",
    "docker_image": "shakshukayahoo/chatbot:guy-003",
    "mapping_port": 8080,
    "username": "shakshuka1998@icloud.com",
    "is_migrated": false,
    "failure_reason": null
  },
  {
    "id": "9a7cdd5d-53e2-45c4-a158-78c93383abc5",
    "app_name": "quizgame",
    "docker_image": "shulajz/quizgame-backend:latest25",
    "mapping_port": 5000,
    "username": "shulajz@gmail.com",
    "is_migrated": false,
    "failure_reason": null
  },
  {
    "id": "b8b8a76d-2498-4b53-9414-2f97cfdd6e11",
    "app_name": "avinatan",
    "docker_image": "avilinko/securitymd:002",
    "mapping_port": 5000,
    "username": "natanger97@gmail.com",
    "is_migrated": false,
    "failure_reason": null
  },
  {
    "id": "c3a12250-7d75-4744-a498-54127c623ead",
    "app_name": "tmoshel-chatbot",
    "docker_image": "tmoshel/chatbot:001",
    "mapping_port": 8080,
    "username": "talmoshel444@gmail.com",
    "is_migrated": false,
    "failure_reason": null
  },
  {
    "id": "497291c1-49e7-48ee-8159-124b2893c970",
    "app_name": "yaakovg-basic-spring",
    "docker_image": "yaakovg414/basic:001",
    "mapping_port": 8080,
    "username": "kobiglam2000@gmail.com",
    "is_migrated": false,
    "failure_reason": null
  },
  {
    "id": "20e5364c-f10e-44c4-87e4-c23e022b52ce",
    "app_name": "yaakovg-tinyurl",
    "docker_image": "yaakovg414/tinyurl:005",
    "mapping_port": 8081,
    "username": "kobiglam2000@gmail.com",
    "is_migrated": false,
    "failure_reason": null
  },
  {
    "id": "7c4c7630-a4d0-4d51-8571-e14804f10d2c",
    "app_name": "trivia-game-ai",
    "docker_image": "lidormoryosef/trivgame:012",
    "mapping_port": 8080,
    "username": "lidor28799@gmail.com",
    "is_migrated": false,
    "failure_reason": null
  },
  {
    "id": "d0e04319-7def-4fba-9484-2ef9f5958946",
    "app_name": "yaakovg-searchengine002",
    "docker_image": "yaakovg414/searchengine:002",
    "mapping_port": 8080,
    "username": "kobiglam2000@gmail.com",
    "is_migrated": false,
    "failure_reason": null
  },
  {
    "id": "2d4d0889-fa33-4eee-a2b8-0d856b98859b",
    "app_name": "student-information-managment",
    "docker_image": "nachmiasx/student-information-management:003",
    "mapping_port": 8080,
    "username": "avivnachmias23@gmail.com",
    "is_migrated": false,
    "failure_reason": null
  },
  {
    "id": "6a7e6ccd-4f92-4a3e-ac2f-3592b64897f0",
    "app_name": "names",
    "docker_image": "ronitzhak/names-api",
    "mapping_port": 9000,
    "username": "ronitz9@gmail.com",
    "is_migrated": false,
    "failure_reason": null
  },
  {
    "id": "7cdf1860-9698-4fc6-8a5a-867ef17a4f08",
    "app_name": "tinyurl-aryoz",
    "docker_image": "aryoz/tinyurl:001",
    "mapping_port": 8080,
    "username": "shmuelbuya@gmail.com",
    "is_migrated": false,
    "failure_reason": null
  },
  {
    "id": "46802f73-3adf-4fb7-9359-3c2646091614",
    "app_name": "jobinterviewai",
    "docker_image": "niv1999/job-interview-image:1.0",
    "mapping_port": 3000,
    "username": "niv1999@gmail.com",
    "is_migrated": false,
    "failure_reason": null
  },
  {
    "id": "5e7d84ff-425a-4a78-b667-6ccc9560526e",
    "app_name": "paradisevacations",
    "docker_image": "niv1999/vacations-flask-image:1.0",
    "mapping_port": 5000,
    "username": "niv1999@gmail.com",
    "is_migrated": false,
    "failure_reason": null
  },
  {
    "id": "7eac17c2-3f2d-46bd-9120-eecaaca2ded6",
    "app_name": "achinoam-tinturl",
    "docker_image": "achinoam123/tinyurl:001",
    "mapping_port": 8080,
    "username": "achinoam123123@gmail.com",
    "is_migrated": false,
    "failure_reason": null
  },
  {
    "id": "6943dbff-acb9-4d3d-9403-d2eb79229d3b",
    "app_name": "starbucks-demo",
    "docker_image": "barharush9/starbucks-webiks-app:latest",
    "mapping_port": 3000,
    "username": "barexg1@gmail.com",
    "is_migrated": false,
    "failure_reason": null
  },
  {
    "id": "8ce3a21d-a542-4f96-9982-35fd6e6b1dea",
    "app_name": "starbucks",
    "docker_image": "barharush9/starbucks:001",
    "mapping_port": 3000,
    "username": "barharush97@gmail.com",
    "is_migrated": false,
    "failure_reason": null
  },
  {
    "id": "ed37f894-fb90-4de7-93e6-75b73316009f",
    "app_name": "daniel-sentimentanalysis",
    "docker_image": "danielshapi4a/sentiment:001",
    "mapping_port": 8080,
    "username": "danielshapira3@gmail.com",
    "is_migrated": false,
    "failure_reason": null
  },
  {
    "id": "0b384f73-be3f-4dc2-8aef-dfaa2f0fa71b",
    "app_name": "myemployees",
    "docker_image": "edenta/my-movies-client:latest",
    "mapping_port": 3000,
    "username": "eden.tamar2@gmail.com",
    "is_migrated": false,
    "failure_reason": null
  },
  {
    "id": "3d0d7212-eeb6-4e68-bcc7-f9efa87e842d",
    "app_name": "nivv2",
    "docker_image": "avilinko/receipt-scanner:002",
    "mapping_port": 8080,
    "username": "niv.itzhaky@gmail.com",
    "is_migrated": false,
    "failure_reason": null
  },
  {
    "id": "cf267fb1-5699-4982-9eba-62f6d03b0e90",
    "app_name": "daniel-searchengine",
    "docker_image": "danielshapi4a/searchengine:001",
    "mapping_port": 8080,
    "username": "danielshapira3@gmail.com",
    "is_migrated": false,
    "failure_reason": null
  },
  {
    "id": "a58d4c18-8637-4356-99b8-cf1e578001a3",
    "app_name": "talentplease-tablesapi",
    "docker_image": "harel1112361/tables_api:001",
    "mapping_port": 8080,
    "username": "harel1112361@gmail.com",
    "is_migrated": false,
    "failure_reason": null
  },
  {
    "id": "eed283fe-e1ff-48dc-91f3-05426fda4965",
    "app_name": "niv-todo",
    "docker_image": "noam597/mytodos:todo",
    "mapping_port": 3000,
    "username": "niv.itzhaky@gmail.com",
    "is_migrated": false,
    "failure_reason": null
  },
  {
    "id": "452ef470-0851-4b1a-91fe-1d8fcaf42fe1",
    "app_name": "chatbotmishel",
    "docker_image": "mishel5153/chatbot:mishel-001",
    "mapping_port": 8080,
    "username": "mishel5153@gmail.com",
    "is_migrated": false,
    "failure_reason": null
  },
  {
    "id": "65d520b7-cf98-419b-81cb-422c6b91745d",
    "app_name": "recipesuggestor-bot",
    "docker_image": "danielshapi4a/recipesuggestor:002",
    "mapping_port": 8080,
    "username": "danielshapira3@gmail.com",
    "is_migrated": false,
    "failure_reason": null
  },
  {
    "id": "df93714f-db4a-4b29-811a-c9cecc5263d9",
    "app_name": "warehouse-management-order",
    "docker_image": "raanan7784/warehouse-order-processing:v1.0.1",
    "mapping_port": 8082,
    "username": "radesigner84@gmail.com",
    "is_migrated": false,
    "failure_reason": null
  },
  {
    "id": "64230a0b-2fc4-484d-aa24-ab9a6831d422",
    "app_name": "noamha-chatbot",
    "docker_image": "noam597/chatbot:001",
    "mapping_port": 8080,
    "username": "noamharris6@gmail.com",
    "is_migrated": false,
    "failure_reason": null
  },
  {
    "id": "a9867068-5e9a-4133-ab0e-46efcb7e7dde",
    "app_name": "ilanv145-basic",
    "docker_image": "ilanv145/basic:001",
    "mapping_port": 8080,
    "username": "ilanv145@gmail.com",
    "is_migrated": false,
    "failure_reason": null
  },
  {
    "id": "eb9fd71a-fa52-45c0-ac7c-2fba7ddecc14",
    "app_name": "roei-tinyurl",
    "docker_image": "roeishc/tinyurl:roei-006",
    "mapping_port": 8080,
    "username": "roei.shchory@gmail.com",
    "is_migrated": false,
    "failure_reason": null
  },
  {
    "id": "42bb286d-b868-4427-9447-585ebc773dd7",
    "app_name": "gal-searchengine",
    "docker_image": "gallevy94/searchengine:001",
    "mapping_port": 8080,
    "username": "gali13031@gmail.com",
    "is_migrated": false,
    "failure_reason": null
  },
  {
    "id": "5c357cd0-2bb1-4157-9f4e-5725a789874b",
    "app_name": "amitg-chatbot",
    "docker_image": "gavishko/chatbot:001",
    "mapping_port": 8080,
    "username": "amitgavish96@gmail.com",
    "is_migrated": false,
    "failure_reason": null
  },
  {
    "id": "5be1a45e-924d-42a0-90f6-dcbe148259a7",
    "app_name": "demo34020",
    "docker_image": "calanitmadar/demo:796012",
    "mapping_port": 8080,
    "username": "global@gmail.com",
    "is_migrated": false,
    "failure_reason": null
  },
  {
    "id": "3b172d87-a1ca-4117-993d-e0f719e0cc7f",
    "app_name": "demo92610",
    "docker_image": "calanitmadar/demo:220933",
    "mapping_port": 8080,
    "username": "global@gmail.com",
    "is_migrated": false,
    "failure_reason": null
  },
  {
    "id": "58f099e3-5f4a-419a-8f19-06a706170a9a",
    "app_name": "demo62166",
    "docker_image": "calanitmadar/demo:684730",
    "mapping_port": 8080,
    "username": "global@gmail.com",
    "is_migrated": false,
    "failure_reason": null
  },
  {
    "id": "713755ba-1c89-4377-b055-3913ee724234",
    "app_name": "demo86768",
    "docker_image": "calanitmadar/demo:359302",
    "mapping_port": 8080,
    "username": "global@gmail.com",
    "is_migrated": false,
    "failure_reason": null
  },
  {
    "id": "33024578-9ed5-4816-85ac-7c90d81cd715",
    "app_name": "demo76628",
    "docker_image": "calanitmadar/demo:130339",
    "mapping_port": 8080,
    "username": "global@gmail.com",
    "is_migrated": false,
    "failure_reason": null
  },
  {
    "id": "f9e4c706-4bdb-45b5-8395-ebdd9fce1488",
    "app_name": "demo75049",
    "docker_image": "calanitmadar/demo:559977",
    "mapping_port": 8080,
    "username": "global@gmail.com",
    "is_migrated": false,
    "failure_reason": null
  },
  {
    "id": "d684e975-72fa-4706-97b3-24850af804fb",
    "app_name": "demo95032",
    "docker_image": "calanitmadar/demo:221785",
    "mapping_port": 8080,
    "username": "global@gmail.com",
    "is_migrated": false,
    "failure_reason": null
  },
  {
    "id": "76256876-323a-4966-a56e-967793750fbf",
    "app_name": "demo953",
    "docker_image": "calanitmadar/demo:507730",
    "mapping_port": 8080,
    "username": "global@gmail.com",
    "is_migrated": false,
    "failure_reason": null
  },
  {
    "id": "71f80e71-2f0d-4482-9b76-79a59825889e",
    "app_name": "demo68033",
    "docker_image": "calanitmadar/demo:460687",
    "mapping_port": 8080,
    "username": "global@gmail.com",
    "is_migrated": false,
    "failure_reason": null
  },
  {
    "id": "94e92446-9299-429c-9607-39e361f8f976",
    "app_name": "demo38484",
    "docker_image": "calanitmadar/demo:802424",
    "mapping_port": 8080,
    "username": "global@gmail.com",
    "is_migrated": false,
    "failure_reason": null
  }
]