<configuration>
    <include resource="org/springframework/boot/logging/logback/defaults.xml"/>
    <include resource="org/springframework/boot/logging/logback/console-appender.xml"/>

    <appender name="FILE" class="ch.qos.logback.core.rolling.RollingFileAppender">
        <file>back-logs/app.log</file>

        <rollingPolicy class="ch.qos.logback.core.rolling.TimeBasedRollingPolicy">
            <fileNamePattern>back-logs/app-%d{yyyy-MM-dd}.log</fileNamePattern>
            <maxHistory>30</maxHistory>
        </rollingPolicy>

        <encoder>
            <pattern>%d{yyyy-MM-dd HH:mm:ss} [%thread] %-5level %logger{36} - %msg%n</pattern>
        </encoder>
<!--        <encoder class="net.logstash.logback.encoder.LoggingEventCompositeJsonEncoder">-->
<!--            <providers>-->
<!--                <timestamp/>-->
<!--                <loggerName/>-->
<!--                <logLevel/>-->
<!--                <message/>-->
<!--            </providers>-->
<!--        </encoder>-->
    </appender>

    <root level="info">
        <appender-ref ref="CONSOLE"/>
        <appender-ref ref="FILE"/>

    </root>
</configuration>