{
  "dev": {
    "base-url": "http://localhost:8081/api",
    "token": "eyJhbGciOiJIUzUxMiJ9.eyJzdWIiOiJuYXRhbkBnbWFpbC5jb20iLCJleHAiOjM1NjMzOTQ3NjksImlhdCI6MTczNjAwNzM3N30.7TQkqCfEwa0ok9dAyepH-BPHAKx9xtPTiTscECeHivoOyEcJFeaSai8zAugRD34aGiN36e_WNjSS4PbY4jgvYA",
    "username": "natan@gmail.com",
    "password": "123456",
    "phone": "+972-546594945",
    "goodImg": "natanger97/node-docker-test-app:v1.10",
    "badImg": "natanger97/node-docker-test-app:v1.11",
    "unhealthyImg": "eduard08/basic-spring:eduard-001"
  }
}